City_ID,City,Country,Date,Lat,Lng,Max Temp,Humidity,Cloudiness,Wind Speed
0,Georgetown,MY,2020-08-30 20:28:51,5.41,100.34,80.6,94,40,2.24
1,Faanui,PF,2020-08-30 20:30:08,-16.48,-151.75,76.86,76,18,22.46
2,Albany,US,2020-08-30 20:26:15,42.6,-73.97,72.0,44,0,13.24
3,Canas,CR,2020-08-30 20:30:08,10.43,-85.09,86.0,79,40,9.17
4,Geraldton,AU,2020-08-30 20:27:42,-28.77,114.6,44.6,93,0,10.29
5,Kapaa,US,2020-08-30 20:30:09,22.08,-159.32,82.99,69,40,16.11
6,Esperance,AU,2020-08-30 20:30:09,-33.87,121.9,42.8,93,0,11.41
7,Wenatchee,US,2020-08-30 20:30:09,47.42,-120.31,78.01,20,1,3.36
8,Yurimaguas,PE,2020-08-30 20:30:09,-5.9,-76.08,95.0,59,40,6.93
9,Luderitz,NA,2020-08-30 20:26:18,-26.65,15.16,56.55,39,85,28.1
10,Mataura,NZ,2020-08-30 20:30:10,-46.19,168.86,52.75,54,61,9.71
11,Cabo San Lucas,MX,2020-08-30 20:29:28,22.89,-109.91,89.6,78,20,10.29
12,Port Alfred,ZA,2020-08-30 20:30:10,-33.59,26.89,50.68,74,13,11.25
13,Saint-Philippe,RE,2020-08-30 20:30:11,-21.36,55.77,71.6,77,37,5.82
14,Vaini,TO,2020-08-30 20:30:11,-21.2,-175.2,77.0,83,75,12.75
15,Hermanus,ZA,2020-08-30 20:30:11,-34.42,19.23,39.99,91,2,12.35
16,Cherskiy,RU,2020-08-30 20:30:11,68.75,161.3,38.52,88,100,8.75
17,Avarua,CK,2020-08-30 20:30:12,-21.21,-159.78,77.0,73,20,18.34
18,Ancud,CL,2020-08-30 20:30:12,-41.87,-73.82,52.0,93,86,5.01
19,Rayevskiy,RU,2020-08-30 20:30:12,54.07,54.95,58.1,87,76,3.51
20,Ushuaia,AR,2020-08-30 20:26:07,-54.8,-68.3,28.4,92,75,24.16
21,Punta Arenas,CL,2020-08-30 20:29:29,-53.15,-70.92,35.6,47,75,20.8
22,Nanortalik,GL,2020-08-30 20:30:13,60.14,-45.24,47.53,77,100,7.31
23,Rikitea,PF,2020-08-30 20:30:15,-23.12,-134.97,69.03,83,23,19.69
24,Port-Gentil,GA,2020-08-30 20:26:57,-0.72,8.78,77.0,83,90,15.99
25,Avarua,CK,2020-08-30 20:30:12,-21.21,-159.78,77.0,73,20,18.34
26,Bluff,NZ,2020-08-30 20:30:16,-46.6,168.33,52.9,62,71,22.35
27,Kamyaran,IR,2020-08-30 20:30:16,34.8,46.94,82.4,13,0,9.17
28,Coihaique,CL,2020-08-30 20:30:16,-45.58,-72.07,50.0,53,20,6.93
29,Timizart,DZ,2020-08-30 20:30:17,36.8,4.27,68.79,91,100,5.3
30,Barrow,US,2020-08-30 20:26:41,71.29,-156.79,39.2,93,90,14.99
31,Rikitea,PF,2020-08-30 20:30:15,-23.12,-134.97,69.03,83,23,19.69
32,Longhua,CN,2020-08-30 20:30:17,23.61,114.19,79.47,79,97,1.14
33,Homer,US,2020-08-30 20:30:18,59.64,-151.55,55.4,76,75,5.82
34,Saskylakh,RU,2020-08-30 20:30:18,71.92,114.08,46.29,84,70,5.17
35,Tarangnan,PH,2020-08-30 20:30:18,11.9,124.75,82.27,80,91,7.76
36,Acheng,CN,2020-08-30 20:30:19,45.55,126.98,64.4,100,100,6.71
37,Ostrovnoy,RU,2020-08-30 20:26:28,68.05,39.51,45.12,87,51,7.87
38,Vostok,RU,2020-08-30 20:30:19,46.49,135.88,46.2,86,99,4.03
39,Atar,MR,2020-08-30 20:30:19,20.52,-13.05,94.51,15,1,10.4
40,Tuktoyaktuk,CA,2020-08-30 20:30:20,69.45,-133.04,41.0,93,90,17.22
41,Trairi,BR,2020-08-30 20:30:20,-3.28,-39.27,79.14,73,0,15.08
42,Saldanha,ZA,2020-08-30 20:30:20,-33.01,17.94,42.8,75,0,2.24
43,Mitsamiouli,KM,2020-08-30 20:30:20,-11.38,43.28,76.44,66,0,3.33
44,Albany,US,2020-08-30 20:26:15,42.6,-73.97,72.0,44,0,13.24
45,Det Udom,TH,2020-08-30 20:30:21,14.91,105.08,77.0,100,20,4.79
46,Ostrovnoy,RU,2020-08-30 20:26:28,68.05,39.51,45.12,87,51,7.87
47,Doha,QA,2020-08-30 20:30:04,25.29,51.53,96.01,59,10,6.93
48,Bengkulu,ID,2020-08-30 20:25:39,-3.8,102.27,76.08,85,100,2.91
49,Abha,SA,2020-08-30 20:27:27,18.22,42.51,75.2,20,47,8.05
50,Lebu,CL,2020-08-30 20:30:22,-37.62,-73.65,49.68,70,0,26.19
51,Te Anau,NZ,2020-08-30 20:30:22,-45.42,167.72,50.9,71,26,12.1
52,Vila Velha,BR,2020-08-30 20:30:22,-20.33,-40.29,79.0,83,20,14.99
53,Albany,US,2020-08-30 20:26:15,42.6,-73.97,72.0,44,0,13.24
54,Jamestown,US,2020-08-30 20:26:33,42.1,-79.24,70.0,59,90,6.93
55,Northam,GB,2020-08-30 20:30:23,51.03,-4.22,55.0,81,100,3.0
56,Longyearbyen,SJ,2020-08-30 20:30:23,78.22,15.64,39.2,80,75,13.87
57,Avarua,CK,2020-08-30 20:30:12,-21.21,-159.78,77.0,73,20,18.34
58,Bluff,NZ,2020-08-30 20:30:16,-46.6,168.33,52.9,62,71,22.35
59,Dikson,RU,2020-08-30 20:30:24,73.51,80.55,41.9,96,100,15.61
60,Cape Town,ZA,2020-08-30 20:28:21,-33.93,18.42,42.8,81,0,8.05
61,Namibe,AO,2020-08-30 20:30:24,-15.2,12.15,62.47,69,3,6.2
62,Nagato,JP,2020-08-30 20:30:24,34.38,131.2,82.4,78,20,5.82
63,Namibe,AO,2020-08-30 20:30:24,-15.2,12.15,62.47,69,3,6.2
64,Geraldton,AU,2020-08-30 20:27:42,-28.77,114.6,44.6,93,0,10.29
65,Khatanga,RU,2020-08-30 20:28:31,71.97,102.5,44.37,90,96,7.43
66,Mataura,NZ,2020-08-30 20:30:25,-46.19,168.86,52.75,54,61,9.71
67,Butaritari,KI,2020-08-30 20:30:25,3.07,172.79,82.85,73,23,11.41
68,New Norfolk,AU,2020-08-30 20:30:26,-42.78,147.06,43.0,72,2,1.99
69,Albany,US,2020-08-30 20:26:15,42.6,-73.97,72.0,44,0,13.24
70,Cape Town,ZA,2020-08-30 20:28:21,-33.93,18.42,42.8,81,0,8.05
71,Butaritari,KI,2020-08-30 20:30:25,3.07,172.79,82.85,73,23,11.41
72,Lebu,CL,2020-08-30 20:30:22,-37.62,-73.65,49.68,70,0,26.19
73,Busselton,AU,2020-08-30 20:30:27,-33.65,115.33,39.99,75,0,3.74
74,Hualmay,PE,2020-08-30 20:30:27,-11.1,-77.61,65.41,71,17,11.48
75,Pindwara,IN,2020-08-30 20:30:27,24.8,73.07,74.21,92,91,5.1
76,Nakapiripirit,UG,2020-08-30 20:30:28,1.92,34.78,69.46,68,49,0.89
77,Hobart,AU,2020-08-30 20:25:52,-42.88,147.33,43.0,60,20,10.29
78,Roseburg,US,2020-08-30 20:30:28,43.22,-123.34,75.0,28,1,10.29
79,Rikitea,PF,2020-08-30 20:30:15,-23.12,-134.97,69.03,83,23,19.69
80,Kruisfontein,ZA,2020-08-30 20:30:28,-34.0,24.73,46.0,81,30,8.28
81,Nikolskoye,RU,2020-08-30 20:26:36,59.7,30.79,60.01,87,93,4.47
82,Vaini,TO,2020-08-30 20:30:11,-21.2,-175.2,77.0,83,75,12.75
83,Aklavik,CA,2020-08-30 20:28:16,68.22,-135.01,46.4,81,75,4.7
84,Butaritari,KI,2020-08-30 20:30:25,3.07,172.79,82.85,73,23,11.41
85,Zhigansk,RU,2020-08-30 20:30:29,66.77,123.37,48.47,94,100,8.61
86,Qaanaaq,GL,2020-08-30 20:26:37,77.48,-69.36,34.0,77,0,4.56
87,Roebourne,AU,2020-08-30 20:30:30,-20.78,117.13,70.68,44,3,1.74
88,Gravdal,NO,2020-08-30 20:30:30,68.12,13.5,42.8,81,40,2.24
89,Shambu,ET,2020-08-30 20:30:31,9.57,37.1,51.64,100,100,3.15
90,Tuktoyaktuk,CA,2020-08-30 20:30:20,69.45,-133.04,41.0,93,90,17.22
91,Rikitea,PF,2020-08-30 20:30:15,-23.12,-134.97,69.03,83,23,19.69
92,Punta Arenas,CL,2020-08-30 20:29:29,-53.15,-70.92,35.6,47,75,20.8
93,Leningradskiy,RU,2020-08-30 20:27:41,69.38,178.42,35.6,92,100,7.07
94,Gua Musang,MY,2020-08-30 20:30:32,4.88,101.96,73.42,92,87,1.25
95,Ushuaia,AR,2020-08-30 20:26:07,-54.8,-68.3,28.4,92,75,24.16
96,Dikson,RU,2020-08-30 20:30:24,73.51,80.55,41.9,96,100,15.61
97,Boa Vista,BR,2020-08-30 20:30:33,2.82,-60.67,80.6,74,75,6.93
98,Hasaki,JP,2020-08-30 20:30:33,35.73,140.83,77.0,94,75,3.36
99,Kapaa,US,2020-08-30 20:26:24,22.08,-159.32,84.0,69,40,16.11
100,Laukaa,RU,2020-08-30 20:30:33,58.74,29.85,55.94,90,97,6.42
101,Marrakesh,MA,2020-08-30 20:30:01,31.63,-8.01,84.2,28,20,10.29
102,Chuy,UY,2020-08-30 20:30:34,-33.7,-53.46,47.34,71,93,5.73
103,Busselton,AU,2020-08-30 20:30:27,-33.65,115.33,39.99,75,0,3.74
104,Soe,ID,2020-08-30 20:30:34,-9.86,124.28,62.29,99,36,4.83
105,Punta Arenas,CL,2020-08-30 20:29:29,-53.15,-70.92,35.6,47,75,20.8
106,Rikitea,PF,2020-08-30 20:30:15,-23.12,-134.97,69.03,83,23,19.69
107,Potosi,BO,2020-08-30 20:30:35,-19.58,-65.75,52.0,44,82,20.15
108,Creel,MX,2020-08-30 20:30:35,27.75,-107.63,71.28,61,93,5.26
109,Bredasdorp,ZA,2020-08-30 20:26:19,-34.53,20.04,42.8,81,32,4.7
110,Kailua,US,2020-08-30 20:30:35,21.4,-157.74,86.0,61,40,17.22
111,Vaini,TO,2020-08-30 20:30:11,-21.2,-175.2,77.0,83,75,12.75
112,Broken Hill,AU,2020-08-30 20:30:36,-31.95,141.43,44.6,87,0,10.29
113,Provideniya,RU,2020-08-30 20:30:36,64.38,-173.3,53.6,66,75,13.42
114,Yellowknife,CA,2020-08-30 20:30:36,62.46,-114.35,53.6,58,40,16.11
115,Kalianget,ID,2020-08-30 20:30:37,-7.05,113.93,78.8,70,97,11.21
116,Mahebourg,MU,2020-08-30 20:30:37,-20.41,57.7,69.8,94,40,18.34
117,Barrow,US,2020-08-30 20:26:41,71.29,-156.79,39.2,93,90,14.99
118,Ribeira Grande,PT,2020-08-30 20:30:37,38.52,-28.7,77.0,94,75,9.17
119,Ushuaia,AR,2020-08-30 20:26:07,-54.8,-68.3,28.4,92,75,24.16
120,Ushuaia,AR,2020-08-30 20:26:07,-54.8,-68.3,28.4,92,75,24.16
121,Farmington,US,2020-08-30 20:26:54,36.73,-108.22,86.0,20,1,10.29
122,Xai-Xai,MZ,2020-08-30 20:30:38,-25.05,33.64,67.75,72,97,17.9
123,Dunedin,NZ,2020-08-30 20:30:39,-45.87,170.5,55.99,49,100,5.99
124,Rawson,AR,2020-08-30 20:30:39,-43.3,-65.1,48.15,55,14,22.77
125,Butaritari,KI,2020-08-30 20:30:25,3.07,172.79,82.85,73,23,11.41
126,Barrow,US,2020-08-30 20:26:41,71.29,-156.79,39.2,93,90,14.99
127,Carauari,BR,2020-08-30 20:30:39,-4.88,-66.9,89.76,51,94,0.13
128,Mayo,US,2020-08-30 20:30:40,38.89,-76.51,82.0,47,1,6.93
129,Albany,US,2020-08-30 20:26:15,42.6,-73.97,72.0,44,0,13.24
130,Hobart,AU,2020-08-30 20:25:52,-42.88,147.33,43.0,60,20,10.29
131,Cidreira,BR,2020-08-30 20:30:40,-30.18,-50.21,56.1,91,100,11.05
132,Yellowknife,CA,2020-08-30 20:30:36,62.46,-114.35,53.6,58,40,16.11
133,San Patricio,MX,2020-08-30 20:30:41,19.22,-104.7,78.8,100,90,17.22
134,Hermanus,ZA,2020-08-30 20:30:11,-34.42,19.23,39.99,91,2,12.35
135,Victoria,HK,2020-08-30 20:26:00,22.29,114.16,84.0,74,46,4.79
136,Yumen,CN,2020-08-30 20:30:42,40.28,97.2,53.01,42,0,3.2
137,Tongliao,CN,2020-08-30 20:30:42,43.61,122.27,68.2,89,26,11.7
138,Port Lincoln,AU,2020-08-30 20:30:42,-34.73,135.87,51.51,63,98,5.46
139,Hermanus,ZA,2020-08-30 20:30:11,-34.42,19.23,39.99,91,2,12.35
140,Talnakh,RU,2020-08-30 20:30:42,69.49,88.4,46.4,100,90,13.42
141,Tuktoyaktuk,CA,2020-08-30 20:30:20,69.45,-133.04,41.0,93,90,17.22
142,Pevek,RU,2020-08-30 20:30:43,69.7,170.31,38.8,82,14,4.85
143,New Norfolk,AU,2020-08-30 20:30:26,-42.78,147.06,43.0,72,2,1.99
144,Whitianga,NZ,2020-08-30 20:30:43,-36.83,175.7,54.0,97,25,3.0
145,Broome,US,2020-08-30 20:27:42,42.25,-75.83,71.01,46,20,9.17
146,Jamestown,US,2020-08-30 20:26:33,42.1,-79.24,70.0,59,90,6.93
147,Kaitangata,NZ,2020-08-30 20:27:20,-46.28,169.85,51.01,48,100,3.0
148,Glenwood Springs,US,2020-08-30 20:30:44,39.55,-107.32,73.99,33,90,6.93
149,Dimasalang,PH,2020-08-30 20:30:45,12.19,123.86,81.36,79,99,10.78
150,Olafsvik,IS,2020-08-30 20:30:45,64.89,-23.71,52.77,92,100,27.02
151,Punta Arenas,CL,2020-08-30 20:29:29,-53.15,-70.92,35.6,47,75,20.8
152,Aklavik,CA,2020-08-30 20:28:16,68.22,-135.01,46.4,81,75,4.7
153,Boulder City,US,2020-08-30 20:30:45,35.98,-114.83,100.99,20,1,17.22
154,Susanville,US,2020-08-30 20:30:46,40.42,-120.65,87.01,21,1,6.93
155,Bambous Virieux,MU,2020-08-30 20:30:46,-20.34,57.76,71.01,94,40,18.34
156,Road Town,VG,2020-08-30 20:30:46,18.42,-64.62,87.8,66,40,16.11
157,Hilo,US,2020-08-30 20:26:16,19.73,-155.09,84.2,62,75,4.7
158,Saskylakh,RU,2020-08-30 20:30:18,71.92,114.08,46.29,84,70,5.17
159,Sisimiut,GL,2020-08-30 20:27:31,66.94,-53.67,54.01,58,2,11.1
160,Busselton,AU,2020-08-30 20:30:27,-33.65,115.33,39.99,75,0,3.74
161,Matay,EG,2020-08-30 20:30:47,28.42,30.78,85.42,45,0,15.01
162,Albany,US,2020-08-30 20:26:15,42.6,-73.97,72.0,44,0,13.24
163,Hobart,AU,2020-08-30 20:25:52,-42.88,147.33,43.0,60,20,10.29
164,Busselton,AU,2020-08-30 20:30:27,-33.65,115.33,39.99,75,0,3.74
165,Prince Rupert,CA,2020-08-30 20:26:27,54.32,-130.32,55.4,87,90,5.82
166,Paka,MY,2020-08-30 20:30:48,4.64,103.44,78.8,88,90,2.24
167,Grand Gaube,MU,2020-08-30 20:30:48,-20.01,57.66,71.01,77,1,7.0
168,Punta Arenas,CL,2020-08-30 20:29:29,-53.15,-70.92,35.6,47,75,20.8
169,Singaraja,ID,2020-08-30 20:30:08,-8.11,115.09,75.9,70,97,4.85
170,Cabedelo,BR,2020-08-30 20:30:49,-6.98,-34.83,78.8,74,64,12.75
171,Dangeni,RO,2020-08-30 20:30:49,47.85,26.97,73.99,53,0,8.05
172,Avarua,CK,2020-08-30 20:30:12,-21.21,-159.78,77.0,73,20,18.34
173,Busselton,AU,2020-08-30 20:30:27,-33.65,115.33,39.99,75,0,3.74
174,San Carlos De Bariloche,AR,2020-08-30 20:30:24,-41.15,-71.31,48.2,49,41,18.34
175,Usvyaty,RU,2020-08-30 20:30:50,55.75,30.75,56.32,97,93,6.44
176,Okhotsk,RU,2020-08-30 20:30:50,59.38,143.3,55.27,81,100,11.95
177,College,US,2020-08-30 20:30:06,64.86,-147.8,62.01,48,20,5.82
178,Busselton,AU,2020-08-30 20:30:27,-33.65,115.33,39.99,75,0,3.74
179,Port Hedland,AU,2020-08-30 20:30:51,-20.32,118.57,68.0,34,2,9.17
180,Nikolskoye,RU,2020-08-30 20:26:36,59.7,30.79,60.01,87,93,4.47
181,Port Augusta,AU,2020-08-30 20:30:51,-32.5,137.77,51.8,71,90,8.05
182,Mayo,US,2020-08-30 20:30:40,38.89,-76.51,82.0,47,1,6.93
183,Ouallam,NE,2020-08-30 20:30:51,14.32,2.09,84.74,61,100,9.55
184,Rikitea,PF,2020-08-30 20:30:15,-23.12,-134.97,69.03,83,23,19.69
185,Mataura,NZ,2020-08-30 20:30:25,-46.19,168.86,52.75,54,61,9.71
186,Vaini,TO,2020-08-30 20:32:08,-21.2,-175.2,77.0,83,75,12.75
187,Saint-Francois,FR,2020-08-30 20:32:08,46.42,3.91,59.0,77,75,4.7
188,Barrow,US,2020-08-30 20:32:09,71.29,-156.79,39.2,93,90,14.99
189,Sal Rei,CV,2020-08-30 20:32:09,16.18,-22.92,80.6,65,75,11.41
190,Punta Arenas,CL,2020-08-30 20:32:09,-53.15,-70.92,35.6,47,75,20.8
191,Mataura,NZ,2020-08-30 20:30:10,-46.19,168.86,52.75,54,61,9.71
192,Puerto Ayora,EC,2020-08-30 20:32:10,-0.74,-90.35,77.0,57,100,6.93
193,Port Moresby,PG,2020-08-30 20:27:43,-9.44,147.18,77.0,94,75,17.22
194,Prince Rupert,CA,2020-08-30 20:32:10,54.32,-130.32,55.4,87,90,5.82
195,Punta Arenas,CL,2020-08-30 20:29:29,-53.15,-70.92,35.6,47,75,20.8
196,Shache,CN,2020-08-30 20:32:11,38.42,77.24,64.27,37,77,7.16
197,Marienburg,PL,2020-08-30 20:32:11,54.04,19.03,64.0,82,100,4.7
198,Talnakh,RU,2020-08-30 20:30:42,69.49,88.4,46.4,100,90,13.42
199,Ostrovnoy,RU,2020-08-30 20:26:28,68.05,39.51,45.12,87,51,7.87
200,El Rusio,HN,2020-08-30 20:32:11,14.47,-86.37,84.83,50,0,5.48
201,Dong Xoai,VN,2020-08-30 20:32:12,11.53,106.92,74.86,96,59,2.13
202,Saint George,US,2020-08-30 20:27:48,37.1,-113.58,96.01,17,1,4.7
203,Jamestown,US,2020-08-30 20:26:33,42.1,-79.24,70.0,59,90,6.93
204,Huilong,CN,2020-08-30 20:32:12,31.81,121.66,84.0,95,2,7.61
205,Georgetown,MY,2020-08-30 20:28:51,5.41,100.34,80.6,94,40,2.24
206,Tuktoyaktuk,CA,2020-08-30 20:30:20,69.45,-133.04,41.0,93,90,17.22
207,Noumea,NC,2020-08-30 20:32:13,-22.28,166.46,55.4,87,47,3.36
208,Lodwar,KE,2020-08-30 20:32:14,3.12,35.6,87.87,33,29,5.61
209,Bandundu,CD,2020-08-30 20:32:14,-3.32,17.37,81.81,66,100,2.51
210,Hermanus,ZA,2020-08-30 20:30:11,-34.42,19.23,39.99,91,2,12.35
211,Namwala,ZM,2020-08-30 20:32:15,-15.75,26.44,70.2,37,0,5.5
212,Punta Arenas,CL,2020-08-30 20:29:29,-53.15,-70.92,35.6,47,75,20.8
213,Airai,TL,2020-08-30 20:28:14,-8.93,125.41,56.48,100,9,4.14
214,Busselton,AU,2020-08-30 20:30:27,-33.65,115.33,39.99,75,0,3.74
215,Vaini,TO,2020-08-30 20:30:11,-21.2,-175.2,77.0,83,75,12.75
216,Saint-Francois,FR,2020-08-30 20:32:17,46.42,3.91,59.0,77,75,4.7
217,Broome,US,2020-08-30 20:27:42,42.25,-75.83,71.01,46,20,9.17
218,Road Town,VG,2020-08-30 20:30:46,18.42,-64.62,87.8,66,40,16.11
219,Ushuaia,AR,2020-08-30 20:26:07,-54.8,-68.3,28.4,92,75,24.16
220,Ushuaia,AR,2020-08-30 20:26:07,-54.8,-68.3,28.4,92,75,24.16
221,Mataura,NZ,2020-08-30 20:30:25,-46.19,168.86,52.75,54,61,9.71
222,Mahebourg,MU,2020-08-30 20:30:37,-20.41,57.7,69.8,94,40,18.34
223,Saint-Augustin,CA,2020-08-30 20:32:18,51.23,-58.65,56.21,68,47,18.84
224,Atuona,PF,2020-08-30 20:32:19,-9.8,-139.03,78.1,80,42,21.34
225,Mayahi,NE,2020-08-30 20:32:19,13.96,7.67,85.84,53,64,7.43
226,Yerbogachen,RU,2020-08-30 20:32:19,61.28,108.01,48.33,88,46,3.69
227,Kavaratti,IN,2020-08-30 20:32:19,10.57,72.64,82.04,77,82,10.42
228,Punta Arenas,CL,2020-08-30 20:29:29,-53.15,-70.92,35.6,47,75,20.8
229,Arraial Do Cabo,BR,2020-08-30 20:27:40,-22.97,-42.03,80.6,73,0,16.11
230,Rikitea,PF,2020-08-30 20:30:15,-23.12,-134.97,69.03,83,23,19.69
231,Emerald,AU,2020-08-30 20:32:20,-23.53,148.17,53.6,100,0,5.82
232,Kodiak,US,2020-08-30 20:32:20,57.79,-152.41,53.6,87,90,11.41
233,Bluff,NZ,2020-08-30 20:30:16,-46.6,168.33,52.9,62,71,22.35
234,Busselton,AU,2020-08-30 20:30:27,-33.65,115.33,39.99,75,0,3.74
235,Hobart,AU,2020-08-30 20:25:52,-42.88,147.33,43.0,60,20,10.29
236,Avarua,CK,2020-08-30 20:30:12,-21.21,-159.78,77.0,73,20,18.34
237,Barreirinhas,BR,2020-08-30 20:32:21,-2.75,-42.83,80.6,73,7,13.31
238,Chauk,MM,2020-08-30 20:32:21,20.88,94.82,81.09,81,100,7.81
239,Bambous Virieux,MU,2020-08-30 20:30:46,-20.34,57.76,71.01,94,40,18.34
240,Chopinzinho,BR,2020-08-30 20:32:22,-25.86,-52.52,71.65,74,34,0.89
241,Chuy,UY,2020-08-30 20:30:34,-33.7,-53.46,47.34,71,93,5.73
242,Atuona,PF,2020-08-30 20:32:19,-9.8,-139.03,78.1,80,42,21.34
243,Aksu,CN,2020-08-30 20:32:22,41.12,80.26,67.57,49,3,2.01
244,New Norfolk,AU,2020-08-30 20:30:26,-42.78,147.06,43.0,72,2,1.99
245,Mar Del Plata,AR,2020-08-30 20:32:23,-38.0,-57.56,57.2,30,0,16.11
246,Najran,SA,2020-08-30 20:32:23,17.49,44.13,82.4,20,20,2.24
247,Vanimo,PG,2020-08-30 20:32:23,-2.67,141.3,77.72,82,94,3.24
248,Marawi,PH,2020-08-30 20:32:24,8.0,124.29,75.0,88,100,5.99
249,Qaanaaq,GL,2020-08-30 20:26:37,77.48,-69.36,34.0,77,0,4.56
250,Ciudad Bolivar,VE,2020-08-30 20:32:24,8.12,-63.55,87.48,65,80,6.96
251,Saint-Philippe,RE,2020-08-30 20:32:24,-21.36,55.77,71.6,77,37,5.82
252,Bluff,NZ,2020-08-30 20:30:16,-46.6,168.33,52.9,62,71,22.35
253,Mar Del Plata,AR,2020-08-30 20:32:23,-38.0,-57.56,57.2,30,0,16.11
254,Port Alfred,ZA,2020-08-30 20:32:25,-33.59,26.89,50.68,74,13,11.25
255,Punta Arenas,CL,2020-08-30 20:29:29,-53.15,-70.92,35.6,47,75,20.8
256,Payson,US,2020-08-30 20:32:25,40.04,-111.73,91.4,15,1,11.41
257,New Norfolk,AU,2020-08-30 20:30:26,-42.78,147.06,43.0,72,2,1.99
258,Aklavik,CA,2020-08-30 20:28:16,68.22,-135.01,46.4,81,75,4.7
259,Ostrovnoy,RU,2020-08-30 20:26:28,68.05,39.51,45.12,87,51,7.87
260,Yellowknife,CA,2020-08-30 20:30:36,62.46,-114.35,53.6,58,40,16.11
261,Guerrero Negro,MX,2020-08-30 20:32:26,27.98,-114.06,82.33,58,1,10.27
262,Le Port,RE,2020-08-30 20:32:26,-20.94,55.29,71.6,64,75,14.99
263,Elizabeth City,US,2020-08-30 20:32:27,36.29,-76.25,87.01,62,75,10.29
264,Chuy,UY,2020-08-30 20:30:34,-33.7,-53.46,47.34,71,93,5.73
265,Vila Franca Do Campo,PT,2020-08-30 20:27:50,37.72,-25.43,77.0,83,40,5.82
266,Honiara,SB,2020-08-30 20:32:27,-9.43,159.95,77.0,94,40,2.24
267,Cayenne,GF,2020-08-30 20:27:46,4.93,-52.33,87.8,66,100,10.29
268,Kodiak,US,2020-08-30 20:32:20,57.79,-152.41,53.6,87,90,11.41
269,Katsuura,JP,2020-08-30 20:32:28,35.13,140.3,80.6,94,75,4.7
270,Hermanus,ZA,2020-08-30 20:30:11,-34.42,19.23,39.99,91,2,12.35
271,Paoua,CF,2020-08-30 20:32:28,7.24,16.44,69.24,96,95,1.19
272,Nelson Bay,AU,2020-08-30 20:32:29,-32.72,152.15,54.0,81,11,8.05
273,Hobart,AU,2020-08-30 20:25:52,-42.88,147.33,43.0,60,20,10.29
274,New Norfolk,AU,2020-08-30 20:30:26,-42.78,147.06,43.0,72,2,1.99
275,Punta Arenas,CL,2020-08-30 20:29:29,-53.15,-70.92,35.6,47,75,20.8
276,Bowen,AU,2020-08-30 20:32:30,-20.02,148.23,57.2,93,1,3.36
277,Codrington,AU,2020-08-30 20:32:30,-38.27,141.97,46.27,77,65,11.12
278,Bluff,NZ,2020-08-30 20:30:16,-46.6,168.33,52.9,62,71,22.35
279,Jamestown,US,2020-08-30 20:26:33,42.1,-79.24,70.0,59,90,6.93
280,Partapur,IN,2020-08-30 20:32:31,23.6,74.17,74.95,93,99,11.39
281,Chanika,TZ,2020-08-30 20:32:31,-5.42,38.02,66.06,89,65,5.61
282,Vaini,TO,2020-08-30 20:30:11,-21.2,-175.2,77.0,83,75,12.75
283,Nador,MA,2020-08-30 20:30:28,35.17,-2.93,77.0,73,75,6.93
284,Loandjili,CG,2020-08-30 20:32:32,-4.76,11.86,73.4,88,75,6.93
285,Eluru,IN,2020-08-30 20:31:06,16.7,81.1,79.79,84,13,2.93
286,Atuona,PF,2020-08-30 20:32:19,-9.8,-139.03,78.1,80,42,21.34
287,Bitung,ID,2020-08-30 20:32:32,1.45,125.18,75.2,94,20,2.24
288,Kavieng,PG,2020-08-30 20:32:33,-2.57,150.8,82.78,76,100,15.1
289,Puerto Ayora,EC,2020-08-30 20:30:36,-0.74,-90.35,77.0,57,100,6.93
290,Cancun,MX,2020-08-30 20:31:21,21.17,-86.85,89.6,66,40,13.87
291,Atuona,PF,2020-08-30 20:32:19,-9.8,-139.03,78.1,80,42,21.34
292,Taoudenni,ML,2020-08-30 20:32:33,22.68,-3.98,96.33,33,17,12.88
293,Sitka,US,2020-08-30 20:32:34,57.05,-135.33,53.6,93,90,5.82
294,Hofn,IS,2020-08-30 20:32:34,64.25,-15.21,51.84,88,95,19.04
295,Busselton,AU,2020-08-30 20:30:27,-33.65,115.33,39.99,75,0,3.74
296,Darnah,LY,2020-08-30 20:32:35,32.77,22.64,77.16,81,0,13.13
297,Jamestown,US,2020-08-30 20:26:33,42.1,-79.24,70.0,59,90,6.93
298,Pevek,RU,2020-08-30 20:30:43,69.7,170.31,38.8,82,14,4.85
299,Douglas,US,2020-08-30 20:32:35,41.3,-96.17,82.0,51,40,10.29
300,Qaanaaq,GL,2020-08-30 20:26:37,77.48,-69.36,34.0,77,0,4.56
301,Bluff,NZ,2020-08-30 20:30:16,-46.6,168.33,52.9,62,71,22.35
302,Georgetown,MY,2020-08-30 20:28:51,5.41,100.34,80.6,94,40,2.24
303,San Patricio,MX,2020-08-30 20:30:41,19.22,-104.7,78.8,100,90,17.22
304,Ushuaia,AR,2020-08-30 20:26:07,-54.8,-68.3,28.4,92,75,24.16
305,Mar Del Plata,AR,2020-08-30 20:32:23,-38.0,-57.56,57.2,30,0,16.11
306,Dikson,RU,2020-08-30 20:30:24,73.51,80.55,41.9,96,100,15.61
307,Rikitea,PF,2020-08-30 20:30:15,-23.12,-134.97,69.03,83,23,19.69
308,Neuquen,AR,2020-08-30 20:29:17,-38.95,-68.06,60.8,29,0,8.05
309,Maceio,BR,2020-08-30 20:31:21,-9.67,-35.74,75.2,88,90,10.29
310,Gamba,GA,2020-08-30 20:32:37,-2.65,10.0,73.62,86,100,8.68
311,San Cristobal,VE,2020-08-30 20:32:37,7.77,-72.22,86.0,58,75,11.41
312,Arraial Do Cabo,BR,2020-08-30 20:27:40,-22.97,-42.03,80.6,73,0,16.11
313,Punta Arenas,CL,2020-08-30 20:29:29,-53.15,-70.92,35.6,47,75,20.8
314,Rikitea,PF,2020-08-30 20:30:15,-23.12,-134.97,69.03,83,23,19.69
315,Havre-Saint-Pierre,CA,2020-08-30 20:27:58,50.23,-63.6,50.0,87,90,18.34
316,Saskylakh,RU,2020-08-30 20:30:18,71.92,114.08,46.29,84,70,5.17
317,Lebu,CL,2020-08-30 20:30:22,-37.62,-73.65,49.68,70,0,26.19
318,Avarua,CK,2020-08-30 20:30:12,-21.21,-159.78,77.0,73,20,18.34
319,Geraldton,AU,2020-08-30 20:27:42,-28.77,114.6,44.6,93,0,10.29
320,Faanui,PF,2020-08-30 20:30:08,-16.48,-151.75,76.86,76,18,22.46
321,Atuona,PF,2020-08-30 20:32:19,-9.8,-139.03,78.1,80,42,21.34
322,Carnarvon,AU,2020-08-30 20:32:39,-24.87,113.63,53.6,100,0,4.7
323,Sao Jose Dos Campos,BR,2020-08-30 20:32:39,-23.18,-45.89,87.8,23,0,5.82
324,Victoria,HK,2020-08-30 20:26:00,22.29,114.16,84.0,74,46,4.79
325,Rikitea,PF,2020-08-30 20:30:15,-23.12,-134.97,69.03,83,23,19.69
326,Bonoua,CI,2020-08-30 20:32:40,5.27,-3.6,77.0,88,20,9.17
327,Sungairaya,ID,2020-08-30 20:32:40,0.7,108.9,78.62,84,93,3.83
328,Erenhot,CN,2020-08-30 20:32:40,43.65,111.98,62.76,65,16,11.61
329,Longyearbyen,SJ,2020-08-30 20:30:23,78.22,15.64,39.2,80,75,13.87
330,Yining,CN,2020-08-30 20:32:41,29.04,114.56,74.43,82,36,0.98
331,Rosarito,MX,2020-08-30 20:32:41,32.33,-117.03,77.0,57,5,12.75
332,Mar Del Plata,AR,2020-08-30 20:32:23,-38.0,-57.56,57.2,30,0,16.11
333,Airai,TL,2020-08-30 20:28:14,-8.93,125.41,56.48,100,9,4.14
334,Puerto Ayora,EC,2020-08-30 20:30:36,-0.74,-90.35,77.0,57,100,6.93
335,Port Elizabeth,ZA,2020-08-30 20:28:06,-33.92,25.57,48.2,81,12,6.93
336,Kapaa,US,2020-08-30 20:26:24,22.08,-159.32,84.0,69,40,16.11
337,Chokurdakh,RU,2020-08-30 20:28:28,70.63,147.92,40.35,85,91,8.28
338,Manzhouli,CN,2020-08-30 20:32:43,49.6,117.43,53.31,93,100,6.33
339,Taoudenni,ML,2020-08-30 20:32:33,22.68,-3.98,96.33,33,17,12.88
340,Severo-Kurilsk,RU,2020-08-30 20:32:44,50.68,156.12,50.88,86,22,15.79
341,Fredericton,CA,2020-08-30 20:29:49,45.95,-66.67,66.2,68,75,14.99
342,Bengkulu,ID,2020-08-30 20:25:39,-3.8,102.27,76.08,85,100,2.91
343,Cape Town,ZA,2020-08-30 20:28:21,-33.93,18.42,42.8,81,0,8.05
344,Vaini,TO,2020-08-30 20:30:11,-21.2,-175.2,77.0,83,75,12.75
345,Lavrentiya,RU,2020-08-30 20:32:45,65.58,-171.0,50.02,72,33,21.41
346,Yellowknife,CA,2020-08-30 20:30:36,62.46,-114.35,53.6,58,40,16.11
347,Dinghai,CN,2020-08-30 20:32:45,26.28,119.79,82.4,83,40,13.42
348,Lagoa Formosa,BR,2020-08-30 20:32:46,-18.78,-46.41,84.0,35,74,5.41
349,Bredasdorp,ZA,2020-08-30 20:26:19,-34.53,20.04,42.8,81,32,4.7
350,Longyearbyen,SJ,2020-08-30 20:30:23,78.22,15.64,39.2,80,75,13.87
351,Qaqortoq,GL,2020-08-30 20:29:05,60.72,-46.03,57.2,50,75,2.24
352,Butaritari,KI,2020-08-30 20:30:25,3.07,172.79,82.85,73,23,11.41
353,Busselton,AU,2020-08-30 20:30:27,-33.65,115.33,39.99,75,0,3.74
354,Rikitea,PF,2020-08-30 20:30:15,-23.12,-134.97,69.03,83,23,19.69
355,Joshimath,IN,2020-08-30 20:32:47,30.57,79.57,65.19,60,77,0.89
356,Barrow,US,2020-08-30 20:26:41,71.29,-156.79,39.2,93,90,14.99
357,Carnarvon,AU,2020-08-30 20:32:39,-24.87,113.63,53.6,100,0,4.7
358,Hervey Bay,AU,2020-08-30 20:32:47,-25.3,152.85,57.99,87,75,6.93
359,Batagay-Alyta,RU,2020-08-30 20:32:48,67.8,130.41,44.06,65,98,2.17
360,Castro,BR,2020-08-30 20:32:48,-24.79,-50.01,68.81,60,0,2.95
361,Bluff,NZ,2020-08-30 20:30:16,-46.6,168.33,52.9,62,71,22.35
362,Lebu,CL,2020-08-30 20:30:22,-37.62,-73.65,49.68,70,0,26.19
363,Plettenberg Bay,ZA,2020-08-30 20:32:49,-34.05,23.37,47.95,67,6,5.77
364,Punta Arenas,CL,2020-08-30 20:29:29,-53.15,-70.92,35.6,47,75,20.8
365,Kaitangata,NZ,2020-08-30 20:27:20,-46.28,169.85,51.01,48,100,3.0
366,Punta Arenas,CL,2020-08-30 20:29:29,-53.15,-70.92,35.6,47,75,20.8
367,Vaini,TO,2020-08-30 20:30:11,-21.2,-175.2,77.0,83,75,12.75
368,Dikson,RU,2020-08-30 20:30:24,73.51,80.55,41.9,96,100,15.61
369,Chokurdakh,RU,2020-08-30 20:28:28,70.63,147.92,40.35,85,91,8.28
370,Sahuaripa,MX,2020-08-30 20:32:50,29.05,-109.23,87.6,57,75,3.06
371,Severo-Kurilsk,RU,2020-08-30 20:32:44,50.68,156.12,50.88,86,22,15.79
372,Borodino,RU,2020-08-30 20:32:51,55.91,94.9,50.97,98,65,8.41
373,Bredasdorp,ZA,2020-08-30 20:26:19,-34.53,20.04,42.8,81,32,4.7
374,Andenes,NO,2020-08-30 20:32:51,69.31,16.12,41.0,80,40,6.93
375,Port Hedland,AU,2020-08-30 20:30:51,-20.32,118.57,68.0,34,2,9.17
376,Petropavlovsk-Kamchatskiy,RU,2020-08-30 20:32:51,53.05,158.65,41.0,100,0,6.71
377,Kavieng,PG,2020-08-30 20:32:33,-2.57,150.8,82.78,76,100,15.1
378,High Level,CA,2020-08-30 20:32:52,58.52,-117.14,55.4,54,20,13.87
379,Avarua,CK,2020-08-30 20:30:12,-21.21,-159.78,77.0,73,20,18.34
380,Pangnirtung,CA,2020-08-30 20:32:53,66.15,-65.71,48.2,76,20,8.05
381,Hermanus,ZA,2020-08-30 20:30:11,-34.42,19.23,39.99,91,2,12.35
382,Cape Town,ZA,2020-08-30 20:28:21,-33.93,18.42,42.8,81,0,8.05
383,Makakilo City,US,2020-08-30 20:32:53,21.35,-158.09,86.0,48,1,8.05
384,Vaini,TO,2020-08-30 20:30:11,-21.2,-175.2,77.0,83,75,12.75
385,Port Alfred,ZA,2020-08-30 20:32:25,-33.59,26.89,50.68,74,13,11.25
386,Coquimbo,CL,2020-08-30 20:31:23,-29.95,-71.34,59.0,67,0,13.87
387,Punta Arenas,CL,2020-08-30 20:29:29,-53.15,-70.92,35.6,47,75,20.8
388,Mataura,NZ,2020-08-30 20:30:25,-46.19,168.86,52.75,54,61,9.71
389,Jamestown,US,2020-08-30 20:26:33,42.1,-79.24,70.0,59,90,6.93
390,Norman Wells,CA,2020-08-30 20:32:55,65.28,-126.83,59.0,54,75,12.75
391,Avarua,CK,2020-08-30 20:30:12,-21.21,-159.78,77.0,73,20,18.34
392,Tricase,IT,2020-08-30 20:32:56,39.93,18.36,79.0,94,5,4.7
393,Naze,JP,2020-08-30 20:32:56,28.37,129.48,80.6,88,100,6.93
394,Saint Anthony,US,2020-08-30 20:32:56,45.02,-93.22,77.0,44,20,14.99
395,Yellowknife,CA,2020-08-30 20:30:36,62.46,-114.35,53.6,58,40,16.11
396,Santa Cruz,BO,2020-08-30 20:29:43,-17.8,-63.17,87.8,45,28,4.7
397,Mar Del Plata,AR,2020-08-30 20:32:23,-38.0,-57.56,57.2,30,0,16.11
398,Punta Arenas,CL,2020-08-30 20:29:29,-53.15,-70.92,35.6,47,75,20.8
399,Palu,ID,2020-08-30 20:32:57,-0.89,119.87,75.29,78,97,2.84
400,Ushuaia,AR,2020-08-30 20:26:07,-54.8,-68.3,28.4,92,75,24.16
401,Anadyr,RU,2020-08-30 20:32:57,64.75,177.48,41.0,80,96,6.71
402,Kalabo,ZM,2020-08-30 20:32:58,-14.97,22.68,70.75,55,92,2.68
403,Saint-Philippe,RE,2020-08-30 20:32:24,-21.36,55.77,71.6,77,37,5.82
404,Bambous Virieux,MU,2020-08-30 20:30:46,-20.34,57.76,71.01,94,40,18.34
405,Rikitea,PF,2020-08-30 20:30:15,-23.12,-134.97,69.03,83,23,19.69
406,Souillac,MU,2020-08-30 20:32:58,-20.52,57.52,69.8,94,40,18.34
407,Saskylakh,RU,2020-08-30 20:30:18,71.92,114.08,46.29,84,70,5.17
408,Launceston,AU,2020-08-30 20:32:59,-41.45,147.17,43.0,60,8,5.82
409,Taoudenni,ML,2020-08-30 20:32:33,22.68,-3.98,96.33,33,17,12.88
410,Ostrovnoy,RU,2020-08-30 20:26:28,68.05,39.51,45.12,87,51,7.87
411,Rocha,UY,2020-08-30 20:32:59,-34.48,-54.33,44.96,64,88,7.38
412,Qaanaaq,GL,2020-08-30 20:26:37,77.48,-69.36,34.0,77,0,4.56
413,Mataura,NZ,2020-08-30 20:30:25,-46.19,168.86,52.75,54,61,9.71
414,Tasiilaq,GL,2020-08-30 20:33:00,65.61,-37.64,48.2,61,100,6.93
415,Sitka,US,2020-08-30 20:32:34,57.05,-135.33,53.6,93,90,5.82
416,Hobart,AU,2020-08-30 20:25:52,-42.88,147.33,43.0,60,20,10.29
417,Saint Anthony,US,2020-08-30 20:32:56,45.02,-93.22,77.0,44,20,14.99
418,Pevek,RU,2020-08-30 20:30:43,69.7,170.31,38.8,82,14,4.85
419,Barrow,US,2020-08-30 20:26:41,71.29,-156.79,39.2,93,90,14.99
420,Hervey Bay,AU,2020-08-30 20:32:47,-25.3,152.85,57.99,87,75,6.93
421,Yulara,AU,2020-08-30 20:33:01,-25.24,130.99,53.6,54,0,6.93
422,Kapaa,US,2020-08-30 20:26:24,22.08,-159.32,84.0,69,40,16.11
423,Albany,US,2020-08-30 20:26:15,42.6,-73.97,72.0,44,0,13.24
424,Khatanga,RU,2020-08-30 20:28:31,71.97,102.5,44.37,90,96,7.43
425,Cherskiy,RU,2020-08-30 20:30:11,68.75,161.3,38.52,88,100,8.75
426,Bafq,IR,2020-08-30 20:33:02,31.61,55.41,68.54,26,0,1.92
427,Pevek,RU,2020-08-30 20:30:43,69.7,170.31,38.8,82,14,4.85
428,Antalaha,MG,2020-08-30 20:33:02,-14.9,50.28,70.56,88,82,7.47
429,Yellowknife,CA,2020-08-30 20:30:36,62.46,-114.35,53.6,58,40,16.11
430,Lavrentiya,RU,2020-08-30 20:32:45,65.58,-171.0,50.02,72,33,21.41
431,Kapaa,US,2020-08-30 20:26:24,22.08,-159.32,84.0,69,40,16.11
432,Tarko-Sale,RU,2020-08-30 20:33:03,64.92,77.78,42.76,91,0,5.48
433,Mataura,NZ,2020-08-30 20:30:25,-46.19,168.86,52.75,54,61,9.71
434,Lebu,CL,2020-08-30 20:30:22,-37.62,-73.65,49.68,70,0,26.19
435,Port Elizabeth,ZA,2020-08-30 20:28:06,-33.92,25.57,48.2,81,12,6.93
436,Bowen,AU,2020-08-30 20:32:30,-20.02,148.23,57.2,93,1,3.36
437,Ushuaia,AR,2020-08-30 20:26:07,-54.8,-68.3,28.4,92,75,24.16
438,Rikitea,PF,2020-08-30 20:30:15,-23.12,-134.97,69.03,83,23,19.69
439,Comodoro Rivadavia,AR,2020-08-30 20:32:59,-45.87,-67.5,48.2,66,75,5.82
440,Lorengau,PG,2020-08-30 20:33:05,-2.02,147.27,81.57,82,7,11.68
441,Yellowknife,CA,2020-08-30 20:30:36,62.46,-114.35,53.6,58,40,16.11
442,Punta Arenas,CL,2020-08-30 20:29:29,-53.15,-70.92,35.6,47,75,20.8
443,Pombia,IT,2020-08-30 20:33:05,45.65,8.63,66.0,68,54,1.12
444,Oranjemund,NA,2020-08-30 20:33:06,-28.55,16.43,51.66,58,30,19.1
445,Mataura,NZ,2020-08-30 20:30:25,-46.19,168.86,52.75,54,61,9.71
446,Mataura,NZ,2020-08-30 20:30:25,-46.19,168.86,52.75,54,61,9.71
447,Road Town,VG,2020-08-30 20:30:46,18.42,-64.62,87.8,66,40,16.11
448,Hithadhoo,MV,2020-08-30 20:33:06,-0.6,73.08,82.2,74,44,10.07
449,Port Hedland,AU,2020-08-30 20:30:51,-20.32,118.57,68.0,34,2,9.17
450,Khani,GE,2020-08-30 20:33:07,41.96,42.96,66.2,93,0,2.24
451,Miyazu,JP,2020-08-30 20:33:07,35.53,135.18,75.22,88,10,1.95
452,Evensk,RU,2020-08-30 20:33:07,61.95,159.23,50.52,61,4,6.06
453,Hilo,US,2020-08-30 20:26:16,19.73,-155.09,84.2,62,75,4.7
454,Busselton,AU,2020-08-30 20:30:27,-33.65,115.33,39.99,75,0,3.74
455,Clyde River,CA,2020-08-30 20:33:08,70.47,-68.59,48.2,87,40,13.87
456,Saskylakh,RU,2020-08-30 20:30:18,71.92,114.08,46.29,84,70,5.17
457,Bethel,US,2020-08-30 20:33:08,41.37,-73.41,77.0,44,1,11.41
458,Albany,US,2020-08-30 20:26:15,42.6,-73.97,72.0,44,0,13.24
459,Bluff,NZ,2020-08-30 20:30:16,-46.6,168.33,52.9,62,71,22.35
460,Hilo,US,2020-08-30 20:26:16,19.73,-155.09,84.2,62,75,4.7
461,Nikolskoye,RU,2020-08-30 20:26:36,59.7,30.79,60.01,87,93,4.47
462,Shahrud,IR,2020-08-30 20:33:09,36.42,54.98,56.23,66,0,6.58
463,Upernavik,GL,2020-08-30 20:33:09,72.79,-56.15,41.29,84,88,11.25
464,Iracoubo,GF,2020-08-30 20:33:09,5.48,-53.2,81.68,80,56,15.93
465,Saint-Francois,FR,2020-08-30 20:32:17,46.42,3.91,59.0,77,75,4.7
466,Nikolskoye,RU,2020-08-30 20:26:36,59.7,30.79,60.01,87,93,4.47
467,Kudahuvadhoo,MV,2020-08-30 20:33:10,2.67,72.89,83.5,68,98,6.67
468,Adrar,MR,2020-08-30 20:33:10,20.5,-10.07,94.21,11,100,12.15
469,Bluff,NZ,2020-08-30 20:30:16,-46.6,168.33,52.9,62,71,22.35
470,Busselton,AU,2020-08-30 20:30:27,-33.65,115.33,39.99,75,0,3.74
471,Mataura,NZ,2020-08-30 20:30:25,-46.19,168.86,52.75,54,61,9.71
472,Hobart,AU,2020-08-30 20:25:52,-42.88,147.33,43.0,60,20,10.29
473,Pontianak,ID,2020-08-30 20:33:11,-0.03,109.33,75.52,93,92,3.83
474,Hermanus,ZA,2020-08-30 20:30:11,-34.42,19.23,39.99,91,2,12.35
475,Mato Verde,BR,2020-08-30 20:33:12,-15.4,-42.87,79.2,37,45,7.4
476,Puerto Ayora,EC,2020-08-30 20:30:36,-0.74,-90.35,77.0,57,100,6.93
477,Sao Joao Da Barra,BR,2020-08-30 20:33:12,-21.64,-41.05,78.8,69,0,23.04
478,Ushuaia,AR,2020-08-30 20:26:07,-54.8,-68.3,28.4,92,75,24.16
479,Albany,US,2020-08-30 20:26:15,42.6,-73.97,72.0,44,0,13.24
480,Gigmoto,PH,2020-08-30 20:33:13,13.78,124.39,81.55,78,100,7.47
481,Sitka,US,2020-08-30 20:32:34,57.05,-135.33,53.6,93,90,5.82
482,Candido Mendes,BR,2020-08-30 20:33:14,-1.45,-45.72,80.13,70,64,6.78
483,Port Alfred,ZA,2020-08-30 20:32:25,-33.59,26.89,50.68,74,13,11.25
484,Tasiilaq,GL,2020-08-30 20:33:00,65.61,-37.64,48.2,61,100,6.93
485,Mataura,NZ,2020-08-30 20:30:25,-46.19,168.86,52.75,54,61,9.71
486,Kirakira,SB,2020-08-30 20:33:15,-10.45,161.92,82.09,79,100,13.44
487,Hithadhoo,MV,2020-08-30 20:33:06,-0.6,73.08,82.2,74,44,10.07
488,Hobart,AU,2020-08-30 20:25:52,-42.88,147.33,43.0,60,20,10.29
489,Avarua,CK,2020-08-30 20:30:12,-21.21,-159.78,77.0,73,20,18.34
490,Ushuaia,AR,2020-08-30 20:26:07,-54.8,-68.3,28.4,92,75,24.16
491,Cape Town,ZA,2020-08-30 20:28:21,-33.93,18.42,42.8,81,0,8.05
492,Ushuaia,AR,2020-08-30 20:26:07,-54.8,-68.3,28.4,92,75,24.16
493,Otsuki,JP,2020-08-30 20:33:17,35.6,138.93,78.8,83,1,2.3
494,Grindavik,IS,2020-08-30 20:33:17,63.84,-22.43,51.8,100,90,31.09
495,Teya,RU,2020-08-30 20:33:17,60.38,92.63,48.02,88,27,1.99
496,Hithadhoo,MV,2020-08-30 20:33:06,-0.6,73.08,82.2,74,44,10.07
497,Ambikapur,IN,2020-08-30 20:33:18,23.12,83.2,72.19,90,59,2.28
498,Hithadhoo,MV,2020-08-30 20:33:06,-0.6,73.08,82.2,74,44,10.07
499,Hilo,US,2020-08-30 20:26:16,19.73,-155.09,84.2,62,75,4.7
500,Sisimiut,GL,2020-08-30 20:27:31,66.94,-53.67,54.01,58,2,11.1
501,Svetlaya,RU,2020-08-30 20:33:18,46.54,138.33,55.11,81,56,6.06
502,New Norfolk,AU,2020-08-30 20:30:26,-42.78,147.06,43.0,72,2,1.99
503,Albany,US,2020-08-30 20:26:15,42.6,-73.97,72.0,44,0,13.24
504,Guerrero Negro,MX,2020-08-30 20:32:26,27.98,-114.06,82.33,58,1,10.27
505,Busselton,AU,2020-08-30 20:30:27,-33.65,115.33,39.99,75,0,3.74
506,Hermanus,ZA,2020-08-30 20:30:11,-34.42,19.23,39.99,91,2,12.35
507,Olot,ES,2020-08-30 20:33:19,42.18,2.49,57.0,96,24,1.99
508,Karratha,AU,2020-08-30 20:32:04,-20.74,116.85,70.39,45,1,1.72
509,Ushuaia,AR,2020-08-30 20:26:07,-54.8,-68.3,28.4,92,75,24.16
510,Samarai,PG,2020-08-30 20:33:20,-10.62,150.67,78.82,87,94,19.39
511,Divnomorskoye,RU,2020-08-30 20:33:20,44.5,38.14,74.17,50,0,10.58
512,Pevek,RU,2020-08-30 20:30:43,69.7,170.31,38.8,82,14,4.85
513,Barrow,US,2020-08-30 20:26:41,71.29,-156.79,39.2,93,90,14.99
514,Tasiilaq,GL,2020-08-30 20:33:00,65.61,-37.64,48.2,61,100,6.93
515,Maungatapere,NZ,2020-08-30 20:33:21,-35.75,174.2,50.0,3,46,1.99
516,Albany,US,2020-08-30 20:26:15,42.6,-73.97,72.0,44,0,13.24
517,Hobart,AU,2020-08-30 20:25:52,-42.88,147.33,43.0,60,20,10.29
518,Harper,LR,2020-08-30 20:33:22,4.38,-7.72,75.83,82,96,12.41
519,Sorland,NO,2020-08-30 20:33:22,67.67,12.69,42.8,81,40,2.24
520,Slave Lake,CA,2020-08-30 20:30:17,55.28,-114.77,55.4,54,1,28.86
521,Hilo,US,2020-08-30 20:26:16,19.73,-155.09,84.2,62,75,4.7
522,Orlik,RU,2020-08-30 20:33:22,52.52,99.83,39.74,81,100,0.65
523,Rikitea,PF,2020-08-30 20:30:15,-23.12,-134.97,69.03,83,23,19.69
524,Nishihara,JP,2020-08-30 20:33:23,26.18,127.76,84.2,88,40,14.99
525,Inhambane,MZ,2020-08-30 20:33:23,-23.86,35.38,75.2,88,40,12.75
526,Chapada Dos Guimaraes,BR,2020-08-30 20:33:24,-15.46,-55.75,104.0,9,0,4.7
527,Svetlogorsk,BY,2020-08-30 20:33:24,52.63,29.73,70.45,69,0,9.86
528,Punakha,BT,2020-08-30 20:33:24,27.58,89.86,70.83,61,99,0.81
529,Ambilobe,MG,2020-08-30 20:33:24,-13.2,49.05,67.91,89,0,4.18
530,Qaanaaq,GL,2020-08-30 20:26:37,77.48,-69.36,34.0,77,0,4.56
531,Katsuura,JP,2020-08-30 20:32:28,35.13,140.3,80.6,94,75,4.7
532,Cabo San Lucas,MX,2020-08-30 20:33:25,22.89,-109.91,90.0,78,20,10.29
533,Broome,US,2020-08-30 20:27:42,42.25,-75.83,71.01,46,20,9.17
534,Bathsheba,BB,2020-08-30 20:34:40,13.22,-59.52,86.0,74,40,12.75
535,Butaritari,KI,2020-08-30 20:30:25,3.07,172.79,82.85,73,23,11.41
536,Rikitea,PF,2020-08-30 20:30:15,-23.12,-134.97,69.03,83,23,19.69
537,Ixtapa,MX,2020-08-30 20:34:41,20.7,-105.2,86.0,74,75,9.17
538,Lorengau,PG,2020-08-30 20:34:42,-2.02,147.27,81.57,82,7,11.68
539,Cherskiy,RU,2020-08-30 20:34:42,68.75,161.3,38.52,88,100,8.75
540,Castro,BR,2020-08-30 20:30:05,-24.79,-50.01,68.81,60,0,2.95
541,Koumac,NC,2020-08-30 20:34:42,-20.57,164.28,67.75,69,6,4.54
542,Itarema,BR,2020-08-30 20:34:42,-2.92,-39.92,79.38,73,0,20.56
543,Sakaiminato,JP,2020-08-30 20:34:43,35.55,133.23,77.0,100,75,3.36
544,Bredasdorp,ZA,2020-08-30 20:26:19,-34.53,20.04,42.8,81,32,4.7
545,Maceio,BR,2020-08-30 20:31:21,-9.67,-35.74,75.2,88,90,10.29
546,Rurrenabaque,BO,2020-08-30 20:34:43,-14.44,-67.53,95.0,59,20,4.7
547,Atuona,PF,2020-08-30 20:32:19,-9.8,-139.03,78.1,80,42,21.34
548,Punta Arenas,CL,2020-08-30 20:29:29,-53.15,-70.92,35.6,47,75,20.8
549,Ushuaia,AR,2020-08-30 20:26:07,-54.8,-68.3,28.4,92,75,24.16
550,Severo-Kurilsk,RU,2020-08-30 20:32:44,50.68,156.12,50.88,86,22,15.79
551,Tabas,IR,2020-08-30 20:34:44,33.6,56.92,80.6,24,0,6.93
552,Casablanca,MA,2020-08-30 20:30:48,33.59,-7.62,73.4,73,0,17.22
553,Saldanha,ZA,2020-08-30 20:30:20,-33.01,17.94,42.8,75,0,2.24
554,Ostrovnoy,RU,2020-08-30 20:26:28,68.05,39.51,45.12,87,51,7.87
555,Torbay,CA,2020-08-30 20:34:45,47.67,-52.73,69.01,94,90,11.41
556,Sao Filipe,CV,2020-08-30 20:34:46,14.9,-24.5,78.26,83,62,11.74
557,Hobart,AU,2020-08-30 20:25:52,-42.88,147.33,43.0,60,20,10.29
558,Marmarion,GR,2020-08-30 20:34:46,38.05,24.32,78.01,69,0,3.36
559,Saskylakh,RU,2020-08-30 20:30:18,71.92,114.08,46.29,84,70,5.17
560,Atuona,PF,2020-08-30 20:32:19,-9.8,-139.03,78.1,80,42,21.34
561,Cidreira,BR,2020-08-30 20:30:40,-30.18,-50.21,56.1,91,100,11.05
562,Atuona,PF,2020-08-30 20:32:19,-9.8,-139.03,78.1,80,42,21.34
563,Aklavik,CA,2020-08-30 20:28:16,68.22,-135.01,46.4,81,75,4.7
564,Kodiak,US,2020-08-30 20:32:20,57.79,-152.41,53.6,87,90,11.41
565,Bluff,NZ,2020-08-30 20:30:16,-46.6,168.33,52.9,62,71,22.35
566,Slave Lake,CA,2020-08-30 20:30:17,55.28,-114.77,55.4,54,1,28.86
567,Busselton,AU,2020-08-30 20:30:27,-33.65,115.33,39.99,75,0,3.74
568,Ust-Kuyga,RU,2020-08-30 20:34:48,70.02,135.6,44.87,69,0,2.04
569,Kapaa,US,2020-08-30 20:26:24,22.08,-159.32,84.0,69,40,16.11
570,Bredasdorp,ZA,2020-08-30 20:26:19,-34.53,20.04,42.8,81,32,4.7
571,Sumter,US,2020-08-30 20:34:49,28.71,-82.08,80.01,91,100,3.0
572,Cayenne,GF,2020-08-30 20:27:46,4.93,-52.33,87.8,66,100,10.29
573,Brae,GB,2020-08-30 20:34:49,60.4,-1.35,46.4,87,99,5.82
574,Murree,PK,2020-08-30 20:34:50,33.91,73.39,81.0,94,20,10.29
575,Pilar,BR,2020-08-30 20:34:50,-9.6,-35.96,75.2,88,90,10.29
576,Karratha,AU,2020-08-30 20:32:04,-20.74,116.85,70.39,45,1,1.72
577,Bengkulu,ID,2020-08-30 20:25:39,-3.8,102.27,76.08,85,100,2.91
578,Butaritari,KI,2020-08-30 20:30:25,3.07,172.79,82.85,73,23,11.41
579,Qaanaaq,GL,2020-08-30 20:26:37,77.48,-69.36,34.0,77,0,4.56
580,Dubti,ET,2020-08-30 20:34:51,11.74,41.09,93.0,36,0,12.75
581,Los Llanos De Aridane,ES,2020-08-30 20:34:51,28.66,-17.92,73.4,64,40,17.22
582,Harper,LR,2020-08-30 20:33:22,4.38,-7.72,75.83,82,96,12.41
583,Cape Town,ZA,2020-08-30 20:28:21,-33.93,18.42,42.8,81,0,8.05
584,Komsomolskiy,UZ,2020-08-30 20:34:51,40.43,71.72,73.4,49,0,6.93
585,Yellowknife,CA,2020-08-30 20:30:36,62.46,-114.35,53.6,58,40,16.11
586,Bredasdorp,ZA,2020-08-30 20:26:19,-34.53,20.04,42.8,81,32,4.7
587,Provideniya,RU,2020-08-30 20:30:36,64.38,-173.3,53.6,66,75,13.42
588,Arraial Do Cabo,BR,2020-08-30 20:27:40,-22.97,-42.03,80.6,73,0,16.11
589,New Norfolk,AU,2020-08-30 20:30:26,-42.78,147.06,43.0,72,2,1.99
590,Tuatapere,NZ,2020-08-30 20:34:52,-46.13,167.68,52.3,65,26,9.15
591,Mataura,NZ,2020-08-30 20:30:25,-46.19,168.86,52.75,54,61,9.71
592,Kropotkin,RU,2020-08-30 20:34:53,45.44,40.58,69.53,37,0,11.72
593,Mahebourg,MU,2020-08-30 20:30:37,-20.41,57.7,69.8,94,40,18.34
594,Tautira,PF,2020-08-30 20:34:53,-17.73,-149.15,82.4,61,20,6.93
595,Rikitea,PF,2020-08-30 20:30:15,-23.12,-134.97,69.03,83,23,19.69
596,Busselton,AU,2020-08-30 20:30:27,-33.65,115.33,39.99,75,0,3.74
597,Ushuaia,AR,2020-08-30 20:26:07,-54.8,-68.3,28.4,92,75,24.16
598,Mahebourg,MU,2020-08-30 20:30:37,-20.41,57.7,69.8,94,40,18.34
599,Jamestown,US,2020-08-30 20:26:33,42.1,-79.24,70.0,59,90,6.93
600,Byron Bay,AU,2020-08-30 20:34:55,-28.65,153.62,54.0,100,1,6.85
601,Koshurnikovo,RU,2020-08-30 20:34:55,54.17,93.3,47.55,100,91,1.1
602,Rikitea,PF,2020-08-30 20:30:15,-23.12,-134.97,69.03,83,23,19.69
603,Hermanus,ZA,2020-08-30 20:30:11,-34.42,19.23,39.99,91,2,12.35
604,Kaitangata,NZ,2020-08-30 20:27:20,-46.28,169.85,51.01,48,100,3.0
605,Kamaishi,JP,2020-08-30 20:34:56,39.27,141.88,70.56,89,100,8.99
606,Vila Velha,BR,2020-08-30 20:30:22,-20.33,-40.29,79.0,83,20,14.99
607,Muroto,JP,2020-08-30 20:34:56,33.28,134.15,82.6,74,86,4.03
608,Changji,CN,2020-08-30 20:34:56,44.02,87.32,66.2,48,0,4.47
609,Tiarei,PF,2020-08-30 20:34:57,-17.53,-149.33,82.4,61,20,6.93
610,Port Alfred,ZA,2020-08-30 20:32:25,-33.59,26.89,50.68,74,13,11.25
611,Punta Arenas,CL,2020-08-30 20:29:29,-53.15,-70.92,35.6,47,75,20.8
612,Labuhan,ID,2020-08-30 20:34:57,-6.88,112.21,75.78,81,100,8.77
613,Saint-Philippe,RE,2020-08-30 20:32:24,-21.36,55.77,71.6,77,37,5.82
614,Chokurdakh,RU,2020-08-30 20:28:28,70.63,147.92,40.35,85,91,8.28
615,Castro,BR,2020-08-30 20:32:48,-24.79,-50.01,68.81,60,0,2.95
616,Itacoatiara,BR,2020-08-30 20:34:58,-3.14,-58.44,86.18,62,77,1.7
617,Cape Town,ZA,2020-08-30 20:28:21,-33.93,18.42,42.8,81,0,8.05
618,Saint George,US,2020-08-30 20:27:48,37.1,-113.58,96.01,17,1,4.7
619,Faanui,PF,2020-08-30 20:30:08,-16.48,-151.75,76.86,76,18,22.46
620,Nioro,GM,2020-08-30 20:34:58,13.35,-15.75,77.16,93,100,7.09
621,Meulaboh,ID,2020-08-30 20:34:59,4.14,96.13,76.71,87,100,4.72
622,Pevek,RU,2020-08-30 20:30:43,69.7,170.31,38.8,82,14,4.85
623,Rikitea,PF,2020-08-30 20:30:15,-23.12,-134.97,69.03,83,23,19.69
624,Norman Wells,CA,2020-08-30 20:32:55,65.28,-126.83,59.0,54,75,12.75
625,Thompson,CA,2020-08-30 20:35:00,55.74,-97.86,57.2,100,90,5.82
626,Qui Nhon,VN,2020-08-30 20:35:00,13.77,109.23,79.07,81,100,5.82
627,Uige,AO,2020-08-30 20:35:00,-7.61,15.06,70.3,69,19,2.24
628,Jamestown,US,2020-08-30 20:26:33,42.1,-79.24,70.0,59,90,6.93
629,Jutai,BR,2020-08-30 20:35:00,-5.18,-68.9,79.39,82,97,1.61
630,Yaan,NG,2020-08-30 20:35:01,7.38,8.57,73.81,94,60,6.71
631,Port-Gentil,GA,2020-08-30 20:26:57,-0.72,8.78,77.0,83,90,15.99
632,Lorengau,PG,2020-08-30 20:33:05,-2.02,147.27,81.57,82,7,11.68
633,Rikitea,PF,2020-08-30 20:30:15,-23.12,-134.97,69.03,83,23,19.69
634,Kavaratti,IN,2020-08-30 20:32:19,10.57,72.64,82.04,77,82,10.42
635,Torbay,CA,2020-08-30 20:34:45,47.67,-52.73,69.01,94,90,11.41
636,Atuona,PF,2020-08-30 20:32:19,-9.8,-139.03,78.1,80,42,21.34
637,Albany,US,2020-08-30 20:26:15,42.6,-73.97,72.0,44,0,13.24
638,Mar Del Plata,AR,2020-08-30 20:32:23,-38.0,-57.56,57.2,30,0,16.11
639,Yellowknife,CA,2020-08-30 20:30:36,62.46,-114.35,53.6,58,40,16.11
640,Hithadhoo,MV,2020-08-30 20:33:06,-0.6,73.08,82.2,74,44,10.07
641,Port Alfred,ZA,2020-08-30 20:32:25,-33.59,26.89,50.68,74,13,11.25
642,Kahului,US,2020-08-30 20:33:16,20.89,-156.47,87.8,48,40,24.16
643,Namibe,AO,2020-08-30 20:30:24,-15.2,12.15,62.47,69,3,6.2
644,Chokurdakh,RU,2020-08-30 20:28:28,70.63,147.92,40.35,85,91,8.28
645,Rikitea,PF,2020-08-30 20:30:15,-23.12,-134.97,69.03,83,23,19.69
646,Fortuna,US,2020-08-30 20:35:04,40.6,-124.16,66.99,52,20,14.99
647,Port Alfred,ZA,2020-08-30 20:32:25,-33.59,26.89,50.68,74,13,11.25
648,Busselton,AU,2020-08-30 20:30:27,-33.65,115.33,39.99,75,0,3.74
649,Istok,XK,2020-08-30 20:35:04,42.78,20.49,73.99,68,0,3.0
650,Longyearbyen,SJ,2020-08-30 20:30:23,78.22,15.64,39.2,80,75,13.87
651,Qaanaaq,GL,2020-08-30 20:26:37,77.48,-69.36,34.0,77,0,4.56
652,Moree,AU,2020-08-30 20:35:05,-29.47,149.85,50.0,81,0,11.41
653,Guerrero Negro,MX,2020-08-30 20:32:26,27.98,-114.06,82.33,58,1,10.27
654,Ahipara,NZ,2020-08-30 20:35:05,-35.17,173.17,57.34,75,1,5.44
655,Sabang,ID,2020-08-30 20:35:06,5.89,95.32,82.94,76,87,15.14
656,Kaeo,NZ,2020-08-30 20:35:06,-35.1,173.78,50.0,3,17,1.99
657,Flin Flon,CA,2020-08-30 20:35:06,54.77,-101.86,62.6,59,75,8.05
658,Chingirlau,KZ,2020-08-30 20:35:06,51.09,54.08,67.08,61,0,8.99
659,Seydi,TM,2020-08-30 20:35:07,39.48,62.91,73.38,20,43,8.99
660,Bluff,NZ,2020-08-30 20:30:16,-46.6,168.33,52.9,62,71,22.35
661,Maragogi,BR,2020-08-30 20:35:07,-9.01,-35.22,75.0,85,8,11.45
662,Hithadhoo,MV,2020-08-30 20:33:06,-0.6,73.08,82.2,74,44,10.07
663,Severo-Kurilsk,RU,2020-08-30 20:32:44,50.68,156.12,50.88,86,22,15.79
664,Kapaa,US,2020-08-30 20:26:24,22.08,-159.32,84.0,69,40,16.11
665,Albany,US,2020-08-30 20:26:15,42.6,-73.97,72.0,44,0,13.24
666,Khotynets,RU,2020-08-30 20:35:08,53.13,35.4,65.62,60,0,10.29
667,Saldanha,ZA,2020-08-30 20:30:20,-33.01,17.94,42.8,75,0,2.24
668,Wilmington,US,2020-08-30 20:35:08,34.23,-77.94,87.8,58,75,8.05
669,Iwanai,JP,2020-08-30 20:35:09,42.97,140.51,59.2,89,100,4.9
670,Koslan,RU,2020-08-30 20:35:09,63.46,48.9,47.77,93,98,4.88
671,Cape Town,ZA,2020-08-30 20:28:21,-33.93,18.42,42.8,81,0,8.05
672,Rzeszow,PL,2020-08-30 20:35:09,50.04,22.0,78.8,50,48,11.41
673,Voh,NC,2020-08-30 20:35:09,-20.97,164.7,67.96,64,3,4.38
674,Lasa,IT,2020-08-30 20:35:10,46.62,10.7,53.01,81,40,6.93
675,Bismarck,US,2020-08-30 20:35:10,46.81,-100.78,69.8,64,90,16.11
676,Leeton,AU,2020-08-30 20:35:10,-34.57,146.4,42.8,100,40,8.05
677,Antofagasta,CL,2020-08-30 20:32:35,-23.65,-70.4,59.0,72,75,16.11
678,Boquira,BR,2020-08-30 20:35:11,-12.82,-42.73,82.99,33,70,8.1
679,Jamestown,US,2020-08-30 20:26:33,42.1,-79.24,70.0,59,90,6.93
680,Ushuaia,AR,2020-08-30 20:26:07,-54.8,-68.3,28.4,92,75,24.16
681,Mataura,NZ,2020-08-30 20:30:25,-46.19,168.86,52.75,54,61,9.71
682,Luderitz,NA,2020-08-30 20:35:11,-26.65,15.16,56.39,38,63,24.43
683,Ondjiva,AO,2020-08-30 20:35:12,-17.07,15.73,65.19,28,0,1.86
684,Sayyan,YE,2020-08-30 20:35:12,15.17,44.32,64.65,57,100,2.84
685,Vaini,TO,2020-08-30 20:30:11,-21.2,-175.2,77.0,83,75,12.75
686,Jamestown,US,2020-08-30 20:26:33,42.1,-79.24,70.0,59,90,6.93
687,Tuktoyaktuk,CA,2020-08-30 20:30:20,69.45,-133.04,41.0,93,90,17.22
688,Outlook,CA,2020-08-30 20:35:13,51.5,-107.05,59.99,36,86,21.68
689,Kapaa,US,2020-08-30 20:26:24,22.08,-159.32,84.0,69,40,16.11
690,Aripuana,BR,2020-08-30 20:35:13,-9.17,-60.63,97.52,24,49,3.56
691,Kousseri,CM,2020-08-30 20:35:14,12.08,15.03,80.6,83,20,4.9
692,Meadow Lake,US,2020-08-30 20:35:14,34.8,-106.54,88.0,25,40,9.17
693,Victoria,HK,2020-08-30 20:26:00,22.29,114.16,84.0,74,46,4.79
694,Mataura,NZ,2020-08-30 20:30:25,-46.19,168.86,52.75,54,61,9.71
695,Buala,SB,2020-08-30 20:35:15,-8.14,159.59,82.83,79,33,11.43
696,Kenitra,MA,2020-08-30 20:33:13,34.26,-6.58,69.8,77,0,5.75
697,Mehamn,NO,2020-08-30 20:35:16,71.04,27.85,48.2,76,75,9.17
698,Atar,MR,2020-08-30 20:30:19,20.52,-13.05,94.51,15,1,10.4
699,Chokurdakh,RU,2020-08-30 20:28:28,70.63,147.92,40.35,85,91,8.28
700,Carnarvon,AU,2020-08-30 20:32:39,-24.87,113.63,53.6,100,0,4.7
701,Dikson,RU,2020-08-30 20:30:24,73.51,80.55,41.9,96,100,15.61
702,Kaitangata,NZ,2020-08-30 20:27:20,-46.28,169.85,51.01,48,100,3.0
703,Hilo,US,2020-08-30 20:26:16,19.73,-155.09,84.2,62,75,4.7
704,Victoria,HK,2020-08-30 20:26:00,22.29,114.16,84.0,74,46,4.79
705,Mataura,NZ,2020-08-30 20:30:25,-46.19,168.86,52.75,54,61,9.71
706,Qaanaaq,GL,2020-08-30 20:26:37,77.48,-69.36,34.0,77,0,4.56
707,Hami,CN,2020-08-30 20:35:18,42.8,93.45,67.86,25,0,8.72
708,Sitka,US,2020-08-30 20:32:34,57.05,-135.33,53.6,93,90,5.82
709,Olonets,RU,2020-08-30 20:35:19,60.98,32.97,50.36,90,100,9.46
710,Sept-Iles,CA,2020-08-30 20:35:19,50.2,-66.38,52.0,81,90,10.29
711,Rikitea,PF,2020-08-30 20:30:15,-23.12,-134.97,69.03,83,23,19.69
712,Mar Del Plata,AR,2020-08-30 20:32:23,-38.0,-57.56,57.2,30,0,16.11
713,Rikitea,PF,2020-08-30 20:30:15,-23.12,-134.97,69.03,83,23,19.69
714,Mogadishu,SO,2020-08-30 20:35:20,2.04,45.34,77.88,84,49,14.7
715,Haines Junction,CA,2020-08-30 20:35:20,60.75,-137.51,53.08,61,93,6.51
716,Cidreira,BR,2020-08-30 20:30:40,-30.18,-50.21,56.1,91,100,11.05
717,Hobart,AU,2020-08-30 20:25:52,-42.88,147.33,43.0,60,20,10.29
718,Saint George,US,2020-08-30 20:27:48,37.1,-113.58,96.01,17,1,4.7
719,Bethel,US,2020-08-30 20:33:08,41.37,-73.41,77.0,44,1,11.41
720,Iranshahr,IR,2020-08-30 20:35:21,27.2,60.68,89.6,10,13,9.17
721,Hualmay,PE,2020-08-30 20:30:27,-11.1,-77.61,65.41,71,17,11.48
722,Bluff,NZ,2020-08-30 20:30:16,-46.6,168.33,52.9,62,71,22.35
723,Hobart,AU,2020-08-30 20:25:52,-42.88,147.33,43.0,60,20,10.29
724,Hobart,AU,2020-08-30 20:25:52,-42.88,147.33,43.0,60,20,10.29
725,Port Elizabeth,ZA,2020-08-30 20:28:06,-33.92,25.57,48.2,81,12,6.93
726,Kapaa,US,2020-08-30 20:26:24,22.08,-159.32,84.0,69,40,16.11
727,Iqaluit,CA,2020-08-30 20:35:22,63.75,-68.51,48.2,76,20,4.7
728,Vanavara,RU,2020-08-30 20:35:22,60.34,102.28,47.5,93,4,3.33
729,Sangar,RU,2020-08-30 20:35:22,63.92,127.47,48.81,89,99,4.74
730,Severo-Kurilsk,RU,2020-08-30 20:32:44,50.68,156.12,50.88,86,22,15.79
731,Warwick,US,2020-08-30 20:32:42,41.7,-71.42,79.0,36,75,18.34
732,Saint-Philippe,RE,2020-08-30 20:32:24,-21.36,55.77,71.6,77,37,5.82
733,Dingle,PH,2020-08-30 20:35:23,11.0,122.67,76.69,88,100,5.14
734,Hobart,AU,2020-08-30 20:25:52,-42.88,147.33,43.0,60,20,10.29
735,Mount Gambier,AU,2020-08-30 20:31:00,-37.83,140.77,37.4,93,69,5.82
736,Chuy,UY,2020-08-30 20:30:34,-33.7,-53.46,47.34,71,93,5.73
737,Bredasdorp,ZA,2020-08-30 20:26:19,-34.53,20.04,42.8,81,32,4.7
738,Hilo,US,2020-08-30 20:26:16,19.73,-155.09,84.2,62,75,4.7
739,Okhotsk,RU,2020-08-30 20:30:50,59.38,143.3,55.27,81,100,11.95
740,Heihe,CN,2020-08-30 20:35:24,50.24,127.49,53.6,100,75,11.18
741,Jurm,AF,2020-08-30 20:35:25,36.86,70.83,61.36,40,57,2.39
742,Hermanus,ZA,2020-08-30 20:30:11,-34.42,19.23,39.99,91,2,12.35
743,Kahta,TR,2020-08-30 20:35:25,37.79,38.62,86.0,15,0,6.93
744,Kamenka,RU,2020-08-30 20:35:26,51.32,42.77,64.67,53,0,6.33
745,Narsaq,GL,2020-08-30 20:34:36,60.92,-46.05,57.2,50,75,2.24
746,New Norfolk,AU,2020-08-30 20:30:26,-42.78,147.06,43.0,72,2,1.99
747,Taltal,CL,2020-08-30 20:35:26,-25.4,-70.48,59.18,69,100,7.36
748,Romanovka,RU,2020-08-30 20:35:26,51.74,42.75,64.2,56,0,6.93
749,Albany,US,2020-08-30 20:26:15,42.6,-73.97,72.0,44,0,13.24
750,Provideniya,RU,2020-08-30 20:30:36,64.38,-173.3,53.6,66,75,13.42
751,Ust-Kuyga,RU,2020-08-30 20:34:48,70.02,135.6,44.87,69,0,2.04
752,Tuatapere,NZ,2020-08-30 20:34:52,-46.13,167.68,52.3,65,26,9.15
753,Bredasdorp,ZA,2020-08-30 20:26:19,-34.53,20.04,42.8,81,32,4.7
754,Hasaki,JP,2020-08-30 20:30:33,35.73,140.83,77.0,94,75,3.36
755,Mehamn,NO,2020-08-30 20:35:16,71.04,27.85,48.2,76,75,9.17
756,Port Alfred,ZA,2020-08-30 20:32:25,-33.59,26.89,50.68,74,13,11.25
757,Mataura,NZ,2020-08-30 20:30:25,-46.19,168.86,52.75,54,61,9.71
758,Nelson Bay,AU,2020-08-30 20:32:29,-32.72,152.15,54.0,81,11,8.05
759,Norman Wells,CA,2020-08-30 20:32:55,65.28,-126.83,59.0,54,75,12.75
760,Ushuaia,AR,2020-08-30 20:26:07,-54.8,-68.3,28.4,92,75,24.16
761,Korla,CN,2020-08-30 20:35:29,41.76,86.15,75.99,57,47,1.99
762,East London,ZA,2020-08-30 20:35:29,-33.02,27.91,54.84,62,4,13.22
763,Shiyan,CN,2020-08-30 20:35:29,32.65,110.78,71.51,77,45,3.85
764,Kuala Kedah,MY,2020-08-30 20:35:30,6.1,100.3,78.8,94,40,6.93
765,Mareeba,AU,2020-08-30 20:35:30,-17.0,145.43,69.01,90,77,3.0
766,Luderitz,NA,2020-08-30 20:35:11,-26.65,15.16,56.39,38,63,24.43
767,Sao Paulo De Olivenca,BR,2020-08-30 20:35:30,-3.38,-68.87,86.0,62,95,2.95
768,Busselton,AU,2020-08-30 20:30:27,-33.65,115.33,39.99,75,0,3.74
769,Atuona,PF,2020-08-30 20:32:19,-9.8,-139.03,78.1,80,42,21.34
770,Ribeira Grande,PT,2020-08-30 20:30:37,38.52,-28.7,77.0,94,75,9.17
771,Arraial Do Cabo,BR,2020-08-30 20:27:40,-22.97,-42.03,80.6,73,0,16.11
772,Punta Arenas,CL,2020-08-30 20:29:29,-53.15,-70.92,35.6,47,75,20.8
773,Moctezuma,MX,2020-08-30 20:35:31,29.8,-109.67,77.99,69,95,5.79
774,Noumea,NC,2020-08-30 20:32:13,-22.28,166.46,55.4,87,47,3.36
775,Hobart,AU,2020-08-30 20:25:52,-42.88,147.33,43.0,60,20,10.29
776,Cap Malheureux,MU,2020-08-30 20:35:32,-19.98,57.61,71.01,77,0,8.99
777,Rikitea,PF,2020-08-30 20:30:15,-23.12,-134.97,69.03,83,23,19.69
778,Punta Arenas,CL,2020-08-30 20:29:29,-53.15,-70.92,35.6,47,75,20.8
779,Punta Arenas,CL,2020-08-30 20:29:29,-53.15,-70.92,35.6,47,75,20.8
780,Rikitea,PF,2020-08-30 20:30:15,-23.12,-134.97,69.03,83,23,19.69
781,Kruisfontein,ZA,2020-08-30 20:30:28,-34.0,24.73,46.0,81,30,8.28
782,Bluff,NZ,2020-08-30 20:30:16,-46.6,168.33,52.9,62,71,22.35
783,Srivardhan,IN,2020-08-30 20:35:33,18.03,73.02,79.5,87,98,9.33
784,Svay Rieng,KH,2020-08-30 20:35:33,11.09,105.8,79.61,87,15,4.61
785,Santander,ES,2020-08-30 20:35:09,43.46,-3.8,63.0,82,20,6.93
786,Yerbogachen,RU,2020-08-30 20:32:19,61.28,108.01,48.33,88,46,3.69
787,Vao,NC,2020-08-30 20:35:34,-22.67,167.48,67.12,64,39,14.05
788,Ponta Do Sol,PT,2020-08-30 20:35:34,32.67,-17.1,71.6,68,40,16.11
789,Ahuimanu,US,2020-08-30 20:35:35,21.44,-157.84,86.0,61,40,17.22
790,Vaini,TO,2020-08-30 20:30:11,-21.2,-175.2,77.0,83,75,12.75
791,Vaini,TO,2020-08-30 20:30:11,-21.2,-175.2,77.0,83,75,12.75
792,Srednekolymsk,RU,2020-08-30 20:35:35,67.45,153.68,43.43,77,3,7.87
793,Anage,BR,2020-08-30 20:35:35,-14.61,-41.14,78.26,52,9,6.69
794,Guarapari,BR,2020-08-30 20:33:13,-20.67,-40.5,79.0,76,1,15.9
795,Hofn,IS,2020-08-30 20:32:34,64.25,-15.21,51.84,88,95,19.04
796,Dikson,RU,2020-08-30 20:30:24,73.51,80.55,41.9,96,100,15.61
797,Albany,US,2020-08-30 20:26:15,42.6,-73.97,72.0,44,0,13.24
798,Bama,NG,2020-08-30 20:35:36,11.52,13.69,74.59,86,39,4.81
799,Beni,CD,2020-08-30 20:35:36,0.5,29.47,62.08,98,17,1.41
800,Punta Arenas,CL,2020-08-30 20:29:29,-53.15,-70.92,35.6,47,75,20.8
801,Busselton,AU,2020-08-30 20:30:27,-33.65,115.33,39.99,75,0,3.74
802,Cape Town,ZA,2020-08-30 20:28:21,-33.93,18.42,42.8,81,0,8.05
803,Zhigansk,RU,2020-08-30 20:30:29,66.77,123.37,48.47,94,100,8.61
804,Rikitea,PF,2020-08-30 20:30:15,-23.12,-134.97,69.03,83,23,19.69
805,Carnarvon,AU,2020-08-30 20:32:39,-24.87,113.63,53.6,100,0,4.7
806,Port Hardy,CA,2020-08-30 20:35:38,50.7,-127.42,53.6,93,90,10.29
807,Bambous Virieux,MU,2020-08-30 20:30:46,-20.34,57.76,71.01,94,40,18.34
808,Mar Del Plata,AR,2020-08-30 20:32:23,-38.0,-57.56,57.2,30,0,16.11
809,Provideniya,RU,2020-08-30 20:30:36,64.38,-173.3,53.6,66,75,13.42
810,Kruisfontein,ZA,2020-08-30 20:30:28,-34.0,24.73,46.0,81,30,8.28
811,Ushuaia,AR,2020-08-30 20:26:07,-54.8,-68.3,28.4,92,75,24.16
812,Vaini,TO,2020-08-30 20:30:11,-21.2,-175.2,77.0,83,75,12.75
813,Vaini,TO,2020-08-30 20:30:11,-21.2,-175.2,77.0,83,75,12.75
814,Ilulissat,GL,2020-08-30 20:35:39,69.22,-51.1,45.27,58,0,8.43
815,Dikson,RU,2020-08-30 20:30:24,73.51,80.55,41.9,96,100,15.61
816,Rorvik,NO,2020-08-30 20:35:39,64.86,11.24,39.2,93,20,3.36
817,Zhuhai,CN,2020-08-30 20:35:40,22.28,113.57,84.99,83,20,3.36
818,Thompson,CA,2020-08-30 20:35:00,55.74,-97.86,57.2,100,90,5.82
819,Harper,LR,2020-08-30 20:33:22,4.38,-7.72,75.83,82,96,12.41
820,Chikwawa,MW,2020-08-30 20:35:40,-16.03,34.8,80.49,26,0,3.24
821,Samarai,PG,2020-08-30 20:33:20,-10.62,150.67,78.82,87,94,19.39
822,Dunedin,NZ,2020-08-30 20:30:39,-45.87,170.5,55.99,49,100,5.99
823,Mataura,NZ,2020-08-30 20:30:25,-46.19,168.86,52.75,54,61,9.71
824,Hithadhoo,MV,2020-08-30 20:33:06,-0.6,73.08,82.2,74,44,10.07
825,Albany,US,2020-08-30 20:26:15,42.6,-73.97,72.0,44,0,13.24
826,Maceio,BR,2020-08-30 20:31:21,-9.67,-35.74,75.2,88,90,10.29
827,Manta,EC,2020-08-30 20:32:48,-0.95,-80.73,80.6,74,40,13.87
828,Upernavik,GL,2020-08-30 20:33:09,72.79,-56.15,41.29,84,88,11.25
829,Rafaela,AR,2020-08-30 20:35:42,-31.25,-61.49,61.0,21,68,4.0
830,Mataura,NZ,2020-08-30 20:30:25,-46.19,168.86,52.75,54,61,9.71
831,Ribeira Grande,PT,2020-08-30 20:30:37,38.52,-28.7,77.0,94,75,9.17
832,Santa Maria,BR,2020-08-30 20:31:10,-29.68,-53.81,51.8,87,90,8.05
833,Narasannapeta,IN,2020-08-30 20:35:43,18.42,84.05,81.1,85,93,4.07
834,Rikitea,PF,2020-08-30 20:30:15,-23.12,-134.97,69.03,83,23,19.69
835,Tiznit,MA,2020-08-30 20:35:43,29.58,-9.5,78.04,41,0,1.05
836,Hilo,US,2020-08-30 20:26:16,19.73,-155.09,84.2,62,75,4.7
837,Jamestown,US,2020-08-30 20:26:33,42.1,-79.24,70.0,59,90,6.93
838,Kerema,PG,2020-08-30 20:35:44,-7.96,145.78,76.75,86,97,5.64
839,Albany,US,2020-08-30 20:26:15,42.6,-73.97,72.0,44,0,13.24
840,Hilo,US,2020-08-30 20:26:16,19.73,-155.09,84.2,62,75,4.7
841,Bredasdorp,ZA,2020-08-30 20:26:19,-34.53,20.04,42.8,81,32,4.7
842,Sabha,LY,2020-08-30 20:35:45,27.04,14.43,90.46,19,0,8.37
843,Mangai,CD,2020-08-30 20:35:45,-4.05,19.53,74.34,85,73,1.59
844,Port Alfred,ZA,2020-08-30 20:32:25,-33.59,26.89,50.68,74,13,11.25
845,Lengshuitan,CN,2020-08-30 20:35:45,26.41,111.6,76.03,78,13,2.19
846,Marsaxlokk,MT,2020-08-30 20:35:46,35.84,14.54,81.0,94,20,8.05
847,Souillac,MU,2020-08-30 20:32:58,-20.52,57.52,69.8,94,40,18.34
848,Mataura,NZ,2020-08-30 20:30:25,-46.19,168.86,52.75,54,61,9.71
849,Ushuaia,AR,2020-08-30 20:26:07,-54.8,-68.3,28.4,92,75,24.16
850,Cidreira,BR,2020-08-30 20:30:40,-30.18,-50.21,56.1,91,100,11.05
851,Bluff,NZ,2020-08-30 20:30:16,-46.6,168.33,52.9,62,71,22.35
852,Puerto Ayora,EC,2020-08-30 20:30:36,-0.74,-90.35,77.0,57,100,6.93
853,Hilo,US,2020-08-30 20:26:16,19.73,-155.09,84.2,62,75,4.7
854,Verkhnyaya Inta,RU,2020-08-30 20:35:47,65.98,60.31,50.14,86,100,11.7
855,Seymchan,RU,2020-08-30 20:33:07,62.88,152.43,46.26,58,0,3.94
856,Ngunguru,NZ,2020-08-30 20:35:47,-35.62,174.5,50.0,3,32,1.99
857,Albany,US,2020-08-30 20:26:15,42.6,-73.97,72.0,44,0,13.24
858,Hasaki,JP,2020-08-30 20:30:33,35.73,140.83,77.0,94,75,3.36
859,Upernavik,GL,2020-08-30 20:33:09,72.79,-56.15,41.29,84,88,11.25
860,Preobrazheniye,RU,2020-08-30 20:35:48,42.9,133.91,57.38,78,18,13.29
861,Cockburn Town,TC,2020-08-30 20:35:49,21.46,-71.14,87.8,58,40,11.41
862,Castro,BR,2020-08-30 20:32:48,-24.79,-50.01,68.81,60,0,2.95
863,Panacan,PH,2020-08-30 20:35:49,9.25,118.41,79.72,81,100,3.69
864,Cherskiy,RU,2020-08-30 20:30:11,68.75,161.3,38.52,88,100,8.75
865,Balad,IQ,2020-08-30 20:35:50,34.02,44.15,92.07,12,0,7.2
866,Kitui,KE,2020-08-30 20:35:50,-1.37,38.01,63.37,81,11,8.21
867,Kodiak,US,2020-08-30 20:32:20,57.79,-152.41,53.6,87,90,11.41
868,Atuona,PF,2020-08-30 20:32:19,-9.8,-139.03,78.1,80,42,21.34
869,Saint-Philippe,RE,2020-08-30 20:32:24,-21.36,55.77,71.6,77,37,5.82
870,Busselton,AU,2020-08-30 20:30:27,-33.65,115.33,39.99,75,0,3.74
871,Bone,DE,2020-08-30 20:35:51,51.97,12.14,62.01,87,100,5.26
872,Avarua,CK,2020-08-30 20:30:12,-21.21,-159.78,77.0,73,20,18.34
873,Kapaa,US,2020-08-30 20:26:24,22.08,-159.32,84.0,69,40,16.11
874,Bluff,NZ,2020-08-30 20:30:16,-46.6,168.33,52.9,62,71,22.35
875,Husavik,IS,2020-08-30 20:35:52,66.04,-17.34,55.4,71,40,13.87
876,Kapaa,US,2020-08-30 20:26:24,22.08,-159.32,84.0,69,40,16.11
877,Ancud,CL,2020-08-30 20:30:12,-41.87,-73.82,52.0,93,86,5.01
878,Saint-Augustin,CA,2020-08-30 20:32:18,51.23,-58.65,56.21,68,47,18.84
879,Hermanus,ZA,2020-08-30 20:30:11,-34.42,19.23,39.99,91,2,12.35
880,Bozoum,CF,2020-08-30 20:35:53,6.32,16.38,69.22,94,84,1.3
881,Mataura,NZ,2020-08-30 20:35:53,-46.19,168.86,52.75,54,61,9.71
882,Kharan,PK,2020-08-30 20:35:54,28.58,65.42,86.85,14,100,3.06
883,Bluff,NZ,2020-08-30 20:35:54,-46.6,168.33,52.9,62,71,22.35
884,Taraz,KZ,2020-08-30 20:35:54,42.9,71.37,60.8,77,0,4.47
885,Tasiilaq,GL,2020-08-30 20:35:54,65.61,-37.64,48.2,61,100,6.93
886,San Quintin,MX,2020-08-30 20:35:55,30.48,-115.95,73.09,65,0,11.18
887,Ushuaia,AR,2020-08-30 20:31:24,-54.8,-68.3,28.4,92,75,24.16
888,San Patricio,MX,2020-08-30 20:35:55,19.22,-104.7,78.8,100,90,17.22
889,Ribeira Grande,PT,2020-08-30 20:35:56,38.52,-28.7,77.0,94,75,9.17
890,Rikitea,PF,2020-08-30 20:30:15,-23.12,-134.97,69.03,83,23,19.69
891,Port Macquarie,AU,2020-08-30 20:35:56,-31.43,152.92,44.6,93,0,7.05
892,High Level,CA,2020-08-30 20:35:56,58.52,-117.14,55.4,54,20,13.87
893,Colares,PT,2020-08-30 20:35:57,38.8,-9.45,66.0,59,5,20.8
894,Killybegs,IE,2020-08-30 20:35:57,54.63,-8.45,55.4,76,12,1.12
895,Vaini,TO,2020-08-30 20:32:08,-21.2,-175.2,77.0,83,75,12.75
896,Bethel,US,2020-08-30 20:33:08,41.37,-73.41,77.0,44,1,11.41
897,Port Alfred,ZA,2020-08-30 20:35:58,-33.59,26.89,50.68,74,13,11.25
898,Carnarvon,AU,2020-08-30 20:35:58,-24.87,113.63,53.6,100,0,4.7
899,Bengkulu,ID,2020-08-30 20:35:58,-3.8,102.27,75.87,84,100,3.56
900,Grand Gaube,MU,2020-08-30 20:35:59,-20.01,57.66,71.01,77,1,8.99
901,Torbay,CA,2020-08-30 20:35:59,47.67,-52.73,69.01,94,90,11.41
902,Touba,CI,2020-08-30 20:35:59,8.28,-7.68,70.59,94,2,5.28
903,Port Alfred,ZA,2020-08-30 20:35:58,-33.59,26.89,50.68,74,13,11.25
904,Jarinu,BR,2020-08-30 20:36:00,-23.1,-46.73,87.8,22,0,4.7
905,Thompson,CA,2020-08-30 20:35:00,55.74,-97.86,57.2,100,90,5.82
906,Provideniya,RU,2020-08-30 20:36:01,64.38,-173.3,53.6,66,75,13.42
907,Victoria Point,AU,2020-08-30 20:35:29,-27.58,153.3,53.01,81,0,5.84
908,Jamestown,US,2020-08-30 20:36:01,42.1,-79.24,70.0,59,90,6.93
909,Pisco,PE,2020-08-30 20:34:30,-13.7,-76.22,64.4,72,20,8.05
910,Tuktoyaktuk,CA,2020-08-30 20:36:01,69.45,-133.04,41.0,93,90,17.22
911,Tuktoyaktuk,CA,2020-08-30 20:36:01,69.45,-133.04,41.0,93,90,17.22
912,Djambala,CG,2020-08-30 20:36:02,-2.54,14.75,73.35,78,67,4.05
913,Kapaa,US,2020-08-30 20:30:09,22.08,-159.32,82.99,69,40,16.11
914,Hithadhoo,MV,2020-08-30 20:36:02,-0.6,73.08,82.2,74,44,10.07
915,Ushuaia,AR,2020-08-30 20:31:24,-54.8,-68.3,28.4,92,75,24.16
916,Ushuaia,AR,2020-08-30 20:31:24,-54.8,-68.3,28.4,92,75,24.16
917,Ushuaia,AR,2020-08-30 20:31:24,-54.8,-68.3,28.4,92,75,24.16
918,Barrow,US,2020-08-30 20:32:09,71.29,-156.79,39.2,93,90,14.99
919,Aktau,KZ,2020-08-30 20:36:03,43.65,51.2,68.0,82,31,8.95
920,Edd,ER,2020-08-30 20:36:04,13.93,41.69,91.83,56,94,5.03
921,Atuona,PF,2020-08-30 20:36:04,-9.8,-139.03,78.1,80,42,21.34
922,Port Hedland,AU,2020-08-30 20:36:04,-20.32,118.57,68.0,34,2,9.17
923,Georgetown,MY,2020-08-30 20:36:04,5.41,100.34,80.6,94,40,2.24
924,Saint-Philippe,RE,2020-08-30 20:36:05,-21.36,55.77,71.6,77,37,5.82
925,Busselton,AU,2020-08-30 20:32:30,-33.65,115.33,39.99,75,0,3.74
926,Atuona,PF,2020-08-30 20:36:04,-9.8,-139.03,78.1,80,42,21.34
927,Busselton,AU,2020-08-30 20:32:30,-33.65,115.33,39.99,75,0,3.74
928,Vila,PT,2020-08-30 20:36:05,42.03,-8.16,66.0,67,0,11.41
929,Busselton,AU,2020-08-30 20:32:30,-33.65,115.33,39.99,75,0,3.74
930,Gat,IL,2020-08-30 20:36:06,31.61,34.76,82.99,79,0,1.72
931,Kirensk,RU,2020-08-30 20:33:05,57.79,108.11,51.33,82,51,1.57
932,Cidreira,BR,2020-08-30 20:36:06,-30.18,-50.21,56.1,91,100,11.05
933,Kavieng,PG,2020-08-30 20:36:06,-2.57,150.8,82.78,76,100,15.1
934,Savalou,BJ,2020-08-30 20:36:07,7.93,1.98,74.66,90,100,3.83
935,Mareeba,AU,2020-08-30 20:35:30,-17.0,145.43,69.01,90,77,3.0
936,Lebu,CL,2020-08-30 20:36:07,-37.62,-73.65,49.68,70,0,26.19
937,Busselton,AU,2020-08-30 20:32:30,-33.65,115.33,39.99,75,0,3.74
938,Businga,CD,2020-08-30 20:36:07,3.33,20.88,70.25,95,100,0.74
939,Busselton,AU,2020-08-30 20:32:30,-33.65,115.33,39.99,75,0,3.74
940,Moerai,PF,2020-08-30 20:36:08,-22.43,-151.33,69.93,79,19,16.6
941,Bengkulu,ID,2020-08-30 20:35:58,-3.8,102.27,75.87,84,100,3.56
942,Rikitea,PF,2020-08-30 20:30:15,-23.12,-134.97,69.03,83,23,19.69
943,Camacha,PT,2020-08-30 20:36:08,33.08,-16.33,71.6,56,75,14.99
944,Casa Grande,US,2020-08-30 20:36:09,32.88,-111.76,97.0,30,1,7.31
945,Shache,CN,2020-08-30 20:36:09,38.42,77.24,64.27,37,77,7.16
946,Ilulissat,GL,2020-08-30 20:35:39,69.22,-51.1,45.27,58,0,8.43
947,Butaritari,KI,2020-08-30 20:30:25,3.07,172.79,82.85,73,23,11.41
948,Carnarvon,AU,2020-08-30 20:35:58,-24.87,113.63,53.6,100,0,4.7
949,Sao Filipe,CV,2020-08-30 20:36:10,14.9,-24.5,78.26,83,62,11.74
950,Taltal,CL,2020-08-30 20:36:10,-25.4,-70.48,59.18,69,100,7.36
951,Saint-Philippe,RE,2020-08-30 20:36:05,-21.36,55.77,71.6,77,37,5.82
952,Rikitea,PF,2020-08-30 20:30:15,-23.12,-134.97,69.03,83,23,19.69
953,Port Alfred,ZA,2020-08-30 20:35:58,-33.59,26.89,50.68,74,13,11.25
954,Filingue,NE,2020-08-30 20:36:11,14.35,3.32,83.16,64,84,4.47
955,La Ronge,CA,2020-08-30 20:36:11,55.1,-105.28,50.0,87,90,6.93
956,Barrow,US,2020-08-30 20:32:09,71.29,-156.79,39.2,93,90,14.99
957,Vaini,TO,2020-08-30 20:32:08,-21.2,-175.2,77.0,83,75,12.75
958,Hithadhoo,MV,2020-08-30 20:36:02,-0.6,73.08,82.2,74,44,10.07
959,Carutapera,BR,2020-08-30 20:36:12,-1.2,-46.02,80.2,72,70,10.51
960,Shingu,JP,2020-08-30 20:36:12,33.73,135.98,76.3,84,76,2.98
961,Sitka,US,2020-08-30 20:36:12,57.05,-135.33,53.6,93,90,5.82
962,Rikitea,PF,2020-08-30 20:30:15,-23.12,-134.97,69.03,83,23,19.69
963,Nemuro,JP,2020-08-30 20:36:13,43.32,145.57,55.06,81,100,17.09
964,Natal,BR,2020-08-30 20:33:22,-5.79,-35.21,80.6,65,20,14.99
965,Mount Vernon,US,2020-08-30 20:36:13,40.91,-73.84,80.6,39,40,16.11
966,Caldwell,US,2020-08-30 20:36:13,43.66,-116.69,77.0,23,1,11.41
967,Pindiga,NG,2020-08-30 20:36:14,9.98,10.93,73.09,93,73,5.66
968,Hermanus,ZA,2020-08-30 20:36:14,-34.42,19.23,39.99,91,2,12.35
969,Ushuaia,AR,2020-08-30 20:31:24,-54.8,-68.3,28.4,92,75,24.16
970,Yerbogachen,RU,2020-08-30 20:32:19,61.28,108.01,48.33,88,46,3.69
971,Atuona,PF,2020-08-30 20:36:04,-9.8,-139.03,78.1,80,42,21.34
972,Fortuna,US,2020-08-30 20:36:16,40.6,-124.16,66.99,52,20,14.99
973,Bluff,NZ,2020-08-30 20:35:54,-46.6,168.33,52.9,62,71,22.35
974,Rikitea,PF,2020-08-30 20:30:15,-23.12,-134.97,69.03,83,23,19.69
975,Kapaa,US,2020-08-30 20:30:09,22.08,-159.32,82.99,69,40,16.11
976,Butaritari,KI,2020-08-30 20:30:25,3.07,172.79,82.85,73,23,11.41
977,Atuona,PF,2020-08-30 20:36:04,-9.8,-139.03,78.1,80,42,21.34
978,Sorong,ID,2020-08-30 20:36:17,-0.88,131.25,76.87,91,19,7.25
979,Rincon,US,2020-08-30 20:33:04,32.3,-81.24,93.99,52,75,4.7
980,Rikitea,PF,2020-08-30 20:30:15,-23.12,-134.97,69.03,83,23,19.69
981,Port Alfred,ZA,2020-08-30 20:35:58,-33.59,26.89,50.68,74,13,11.25
982,Poso,ID,2020-08-30 20:36:18,-1.4,120.75,78.84,68,83,7.76
983,Dikson,RU,2020-08-30 20:36:18,73.51,80.55,41.9,96,100,15.61
984,Hobart,AU,2020-08-30 20:33:00,-42.88,147.33,42.8,60,20,10.29
985,Sioux Lookout,CA,2020-08-30 20:33:26,50.1,-91.92,68.0,56,75,8.05
986,Ushuaia,AR,2020-08-30 20:31:24,-54.8,-68.3,28.4,92,75,24.16
987,Carnarvon,AU,2020-08-30 20:35:58,-24.87,113.63,53.6,100,0,4.7
988,Mehamn,NO,2020-08-30 20:36:20,71.04,27.85,48.2,76,75,9.17
989,Skibbereen,IE,2020-08-30 20:36:20,51.55,-9.27,48.2,87,40,4.7
990,Charyshskoye,RU,2020-08-30 20:36:20,51.4,83.56,51.19,75,0,4.18
991,Khatanga,RU,2020-08-30 20:36:20,71.97,102.5,43.52,93,91,7.38
992,Maldonado,UY,2020-08-30 20:36:21,-34.67,-54.92,50.0,61,61,12.75
993,Katsuura,JP,2020-08-30 20:36:21,35.13,140.3,80.6,94,75,4.7
994,Khatanga,RU,2020-08-30 20:36:20,71.97,102.5,43.52,93,91,7.38
995,Aklavik,CA,2020-08-30 20:36:21,68.22,-135.01,46.4,81,75,4.7
996,Karasburg,NA,2020-08-30 20:36:22,-28.02,18.75,42.03,56,61,6.17
997,Thompson,CA,2020-08-30 20:35:00,55.74,-97.86,57.2,100,90,5.82
998,Haines Junction,CA,2020-08-30 20:35:20,60.75,-137.51,53.08,61,93,6.51
999,Pangody,RU,2020-08-30 20:36:22,65.85,74.49,41.65,88,21,8.66
1000,Hilo,US,2020-08-30 20:36:23,19.73,-155.09,84.2,62,75,4.7
1001,Dingle,PH,2020-08-30 20:36:23,11.0,122.67,76.69,88,100,5.14
1002,Bengkulu,ID,2020-08-30 20:35:58,-3.8,102.27,75.87,84,100,3.56
1003,Kawalu,ID,2020-08-30 20:36:23,-7.38,108.21,69.48,91,92,1.52
1004,Upernavik,GL,2020-08-30 20:33:09,72.79,-56.15,41.29,84,88,11.25
1005,Barrow,US,2020-08-30 20:32:09,71.29,-156.79,39.2,93,90,14.99
1006,Souillac,MU,2020-08-30 20:32:58,-20.52,57.52,69.8,94,40,18.34
1007,Lebu,CL,2020-08-30 20:36:07,-37.62,-73.65,49.68,70,0,26.19
1008,Vanavara,RU,2020-08-30 20:36:24,60.34,102.28,47.5,93,4,3.33
1009,Kavieng,PG,2020-08-30 20:36:06,-2.57,150.8,82.78,76,100,15.1
1010,Castro,BR,2020-08-30 20:36:25,-24.79,-50.01,68.81,60,0,2.95
1011,Tiksi,RU,2020-08-30 20:36:25,71.69,128.87,41.47,89,10,8.28
1012,Jamestown,US,2020-08-30 20:36:01,42.1,-79.24,70.0,59,90,6.93
1013,Metro,ID,2020-08-30 20:36:26,-5.11,105.31,74.26,92,100,2.73
1014,Rikitea,PF,2020-08-30 20:30:15,-23.12,-134.97,69.03,83,23,19.69
1015,Cabo San Lucas,MX,2020-08-30 20:36:26,22.89,-109.91,90.0,78,20,10.29
1016,Hobart,AU,2020-08-30 20:33:00,-42.88,147.33,42.8,60,20,10.29
1017,Uvira,CD,2020-08-30 20:36:26,-3.41,29.15,76.1,56,2,3.42
1018,Kavaratti,IN,2020-08-30 20:36:27,10.57,72.64,82.04,77,82,10.42
1019,Meulaboh,ID,2020-08-30 20:36:27,4.14,96.13,76.71,87,100,4.72
1020,Port Alfred,ZA,2020-08-30 20:35:58,-33.59,26.89,50.68,74,13,11.25
1021,Punta Arenas,CL,2020-08-30 20:32:09,-53.15,-70.92,35.6,47,75,20.8
1022,Tuatapere,NZ,2020-08-30 20:36:28,-46.13,167.68,52.3,65,26,9.15
1023,Chokurdakh,RU,2020-08-30 20:36:28,70.63,147.92,41.85,80,88,8.34
1024,Hambantota,LK,2020-08-30 20:36:28,6.12,81.12,80.42,79,96,16.06
1025,Victoria,HK,2020-08-30 20:34:46,22.29,114.16,84.0,74,48,2.48
1026,Dikson,RU,2020-08-30 20:36:18,73.51,80.55,41.9,96,100,15.61
1027,Hobart,AU,2020-08-30 20:33:00,-42.88,147.33,42.8,60,20,10.29
1028,Greenwood,US,2020-08-30 20:32:12,34.17,-82.12,91.0,59,1,5.82
1029,Bredasdorp,ZA,2020-08-30 20:36:29,-34.53,20.04,42.8,81,21,4.7
1030,Ewa Beach,US,2020-08-30 20:36:29,21.32,-158.01,86.0,48,1,8.05
1031,Kaitangata,NZ,2020-08-30 20:36:30,-46.28,169.85,53.01,46,100,8.01
1032,Leningradskiy,RU,2020-08-30 20:36:30,69.38,178.42,35.74,92,100,5.84
1033,Vaini,TO,2020-08-30 20:32:08,-21.2,-175.2,77.0,83,75,12.75
1034,Adrar,MR,2020-08-30 20:36:30,20.5,-10.07,94.21,11,100,12.15
1035,Punta Arenas,CL,2020-08-30 20:32:09,-53.15,-70.92,35.6,47,75,20.8
1036,Butaritari,KI,2020-08-30 20:30:25,3.07,172.79,82.85,73,23,11.41
1037,Mayumba,GA,2020-08-30 20:36:31,-3.43,10.66,73.44,87,67,7.65
1038,Mar Del Plata,AR,2020-08-30 20:34:21,-38.0,-57.56,57.2,30,0,16.11
1039,Thompson,CA,2020-08-30 20:35:00,55.74,-97.86,57.2,100,90,5.82
1040,Atuona,PF,2020-08-30 20:36:04,-9.8,-139.03,78.1,80,42,21.34
1041,Yaounde,CM,2020-08-30 20:36:32,3.87,11.52,73.4,88,20,2.24
1042,San Carlos De Bariloche,AR,2020-08-30 20:36:32,-41.15,-71.31,48.2,49,41,18.34
1043,Bredasdorp,ZA,2020-08-30 20:36:29,-34.53,20.04,42.8,81,21,4.7
1044,Ushuaia,AR,2020-08-30 20:31:24,-54.8,-68.3,28.4,92,75,24.16
1045,Talnakh,RU,2020-08-30 20:36:32,69.49,88.4,46.4,100,90,13.42
1046,Hermanus,ZA,2020-08-30 20:36:14,-34.42,19.23,39.99,91,2,12.35
1047,Launceston,AU,2020-08-30 20:36:33,-41.45,147.17,41.0,60,8,5.82
1048,Barrow,US,2020-08-30 20:32:09,71.29,-156.79,39.2,93,90,14.99
1049,Hilo,US,2020-08-30 20:36:23,19.73,-155.09,84.2,62,75,4.7
1050,Lingao,CN,2020-08-30 20:36:33,19.91,109.69,79.75,76,0,3.65
1051,Havre-Saint-Pierre,CA,2020-08-30 20:36:34,50.23,-63.6,50.0,87,90,18.34
1052,Bluff,NZ,2020-08-30 20:35:54,-46.6,168.33,52.9,62,71,22.35
1053,Griffith,US,2020-08-30 20:36:34,41.53,-87.42,77.0,47,1,5.82
1054,Petropavlovsk-Kamchatskiy,RU,2020-08-30 20:36:34,53.05,158.65,41.0,100,0,6.71
1055,Mataura,NZ,2020-08-30 20:35:53,-46.19,168.86,52.75,54,61,9.71
1056,Esperance,AU,2020-08-30 20:30:09,-33.87,121.9,42.8,93,0,11.41
1057,Cape Town,ZA,2020-08-30 20:34:45,-33.93,18.42,42.8,81,0,8.05
1058,Rikitea,PF,2020-08-30 20:30:15,-23.12,-134.97,69.03,83,23,19.69
1059,Barrow,US,2020-08-30 20:32:09,71.29,-156.79,39.2,93,90,14.99
1060,Kinablangan,PH,2020-08-30 20:36:35,7.69,126.55,79.09,73,100,5.03
1061,Saint-Philippe,RE,2020-08-30 20:36:05,-21.36,55.77,71.6,77,37,5.82
1062,Abu Samrah,SY,2020-08-30 20:36:36,35.3,37.18,79.81,23,0,6.02
1063,Graaff-Reinet,ZA,2020-08-30 20:36:36,-32.25,24.53,39.0,59,0,1.01
1064,Port-Gentil,GA,2020-08-30 20:36:36,-0.72,8.78,77.0,83,90,15.5
1065,Kahului,US,2020-08-30 20:33:26,20.89,-156.47,87.8,48,40,24.16
1066,Cayenne,GF,2020-08-30 20:36:37,4.93,-52.33,87.8,66,100,10.29
1067,Butaritari,KI,2020-08-30 20:30:25,3.07,172.79,82.85,73,23,11.41
1068,Busselton,AU,2020-08-30 20:32:30,-33.65,115.33,39.99,75,0,3.74
1069,Tuktoyaktuk,CA,2020-08-30 20:36:01,69.45,-133.04,41.0,93,90,17.22
1070,Ancud,CL,2020-08-30 20:36:37,-41.87,-73.82,52.0,72,86,1.01
1071,Butaritari,KI,2020-08-30 20:30:25,3.07,172.79,82.85,73,23,11.41
1072,Atuona,PF,2020-08-30 20:36:04,-9.8,-139.03,78.1,80,42,21.34
1073,Carnarvon,AU,2020-08-30 20:35:58,-24.87,113.63,53.6,100,0,4.7
1074,Avera,US,2020-08-30 20:36:38,33.19,-82.53,93.0,63,1,5.82
1075,Avarua,CK,2020-08-30 20:36:38,-21.21,-159.78,77.0,73,20,18.34
1076,Atuona,PF,2020-08-30 20:36:04,-9.8,-139.03,78.1,80,42,21.34
1077,Narsaq,GL,2020-08-30 20:36:39,60.92,-46.05,57.2,50,75,2.24
1078,Kapaa,US,2020-08-30 20:30:09,22.08,-159.32,82.99,69,40,16.11
1079,Voh,NC,2020-08-30 20:35:09,-20.97,164.7,67.96,64,3,4.38
1080,Mar Del Plata,AR,2020-08-30 20:34:21,-38.0,-57.56,57.2,30,0,16.11
1081,Qaanaaq,GL,2020-08-30 20:36:40,77.48,-69.36,33.01,80,0,4.32
1082,Carnarvon,AU,2020-08-30 20:35:58,-24.87,113.63,53.6,100,0,4.7
1083,Castro,BR,2020-08-30 20:36:25,-24.79,-50.01,68.81,60,0,2.95
1084,Busselton,AU,2020-08-30 20:32:30,-33.65,115.33,39.99,75,0,3.74
1085,Falun,SE,2020-08-30 20:36:40,60.6,15.63,50.0,93,41,5.82
1086,Ushuaia,AR,2020-08-30 20:31:24,-54.8,-68.3,28.4,92,75,24.16
1087,Mar Del Plata,AR,2020-08-30 20:34:21,-38.0,-57.56,57.2,30,0,16.11
1088,Honiara,SB,2020-08-30 20:36:41,-9.43,159.95,77.0,94,40,2.24
1089,Bilma,NE,2020-08-30 20:36:41,18.69,12.92,89.91,39,1,8.66
1090,Ilulissat,GL,2020-08-30 20:35:39,69.22,-51.1,45.27,58,0,8.43
1091,Amga,RU,2020-08-30 20:36:42,60.9,131.96,52.09,87,98,3.06
1092,Port Elizabeth,ZA,2020-08-30 20:36:42,-33.92,25.57,48.2,81,32,6.93
1093,Thompson,CA,2020-08-30 20:35:00,55.74,-97.86,57.2,100,90,5.82
1094,Nova Olimpia,BR,2020-08-30 20:35:46,-14.8,-57.29,100.87,12,0,2.64
1095,Goldap,PL,2020-08-30 20:32:46,54.31,22.3,57.11,97,100,7.49
1096,Hasaki,JP,2020-08-30 20:36:43,35.73,140.83,77.0,94,75,3.36
1097,Sakaiminato,JP,2020-08-30 20:36:43,35.55,133.23,77.0,100,75,3.36
1098,The Valley,AI,2020-08-30 20:36:43,18.22,-63.06,87.8,66,75,17.22
1099,Puerto Leguizamo,CO,2020-08-30 20:36:43,-0.19,-74.78,90.39,48,74,2.66
1100,El Estor,GT,2020-08-30 20:36:43,15.53,-89.35,95.04,37,0,3.67
1101,Cape Town,ZA,2020-08-30 20:34:45,-33.93,18.42,42.8,81,0,8.05
1102,Watertown,US,2020-08-30 20:36:44,42.37,-71.18,75.99,38,75,13.87
1103,Faanui,PF,2020-08-30 20:36:44,-16.48,-151.75,76.86,76,18,22.46
1104,Kruisfontein,ZA,2020-08-30 20:36:44,-34.0,24.73,46.0,81,30,1.01
1105,Upernavik,GL,2020-08-30 20:33:09,72.79,-56.15,41.29,84,88,11.25
1106,Palmer,US,2020-08-30 20:32:01,42.16,-72.33,75.99,40,40,17.22
1107,Norman Wells,CA,2020-08-30 20:36:45,65.28,-126.83,59.0,54,75,12.75
1108,Mwinilunga,ZM,2020-08-30 20:36:45,-11.74,24.43,64.36,69,54,3.89
1109,Bilma,NE,2020-08-30 20:36:41,18.69,12.92,89.91,39,1,8.66
1110,Mandalgovi,MN,2020-08-30 20:36:46,45.76,106.27,50.54,80,72,10.25
1111,Port Alfred,ZA,2020-08-30 20:35:58,-33.59,26.89,50.68,74,13,11.25
1112,Vaini,TO,2020-08-30 20:32:08,-21.2,-175.2,77.0,83,75,12.75
1113,Rikitea,PF,2020-08-30 20:30:15,-23.12,-134.97,69.03,83,23,19.69
1114,Vila,PT,2020-08-30 20:36:05,42.03,-8.16,66.0,67,0,11.41
1115,Punta Arenas,CL,2020-08-30 20:32:09,-53.15,-70.92,35.6,47,75,20.8
1116,Albany,US,2020-08-30 20:36:47,42.6,-73.97,73.0,41,0,11.81
1117,Svetlogorsk,BY,2020-08-30 20:33:24,52.63,29.73,70.45,69,0,9.86
1118,Tessalit,ML,2020-08-30 20:36:47,20.2,1.01,88.52,48,1,9.15
1119,Chase,CA,2020-08-30 20:36:47,50.82,-119.69,72.0,32,74,3.49
1120,Yellowknife,CA,2020-08-30 20:35:01,62.46,-114.35,53.6,58,40,16.11
1121,Busselton,AU,2020-08-30 20:32:30,-33.65,115.33,39.99,75,0,3.74
1122,Luderitz,NA,2020-08-30 20:36:48,-26.65,15.16,56.39,38,63,24.43
1123,Flinders,AU,2020-08-30 20:36:48,-34.58,150.86,60.01,82,16,1.01
1124,Tamazunchale,MX,2020-08-30 20:36:48,21.27,-98.78,90.82,60,42,6.04
1125,Yertsevo,RU,2020-08-30 20:36:48,60.8,40.09,45.39,98,90,2.77
1126,New Norfolk,AU,2020-08-30 20:36:49,-42.78,147.06,42.01,71,2,1.99
1127,Yellowknife,CA,2020-08-30 20:35:01,62.46,-114.35,53.6,58,40,16.11
1128,Albany,US,2020-08-30 20:36:47,42.6,-73.97,73.0,41,0,11.81
1129,Morehead,US,2020-08-30 20:36:49,37.27,-87.18,75.2,88,90,8.05
1130,Aykhal,RU,2020-08-30 20:36:50,66.0,111.5,50.0,61,90,2.24
1131,Bredasdorp,ZA,2020-08-30 20:36:29,-34.53,20.04,42.8,81,21,4.7
1132,Hobart,AU,2020-08-30 20:33:00,-42.88,147.33,42.8,60,20,10.29
1133,Avera,US,2020-08-30 20:36:38,33.19,-82.53,93.0,63,1,5.82
1134,New Norfolk,AU,2020-08-30 20:36:49,-42.78,147.06,42.01,71,2,1.99
1135,Kahului,US,2020-08-30 20:33:26,20.89,-156.47,87.8,48,40,24.16
1136,Nanfeng,CN,2020-08-30 20:36:51,23.74,111.8,78.17,77,0,1.81
1137,Albany,US,2020-08-30 20:36:47,42.6,-73.97,73.0,41,0,11.81
1138,Albany,US,2020-08-30 20:36:47,42.6,-73.97,73.0,41,0,11.81
1139,Boende,CD,2020-08-30 20:36:51,-0.22,20.87,72.05,94,100,1.61
1140,Lokosovo,RU,2020-08-30 20:36:51,61.13,74.82,55.92,95,91,3.36
1141,Berbera,SO,2020-08-30 20:36:52,10.44,45.01,93.81,44,88,9.48
1142,Caravelas,BR,2020-08-30 20:36:52,-17.71,-39.25,72.75,85,0,5.7
1143,Evensk,RU,2020-08-30 20:36:52,61.95,159.23,50.52,61,4,6.06
1144,Katsuura,JP,2020-08-30 20:36:21,35.13,140.3,80.6,94,75,4.7
1145,Makubetsu,JP,2020-08-30 20:36:53,45.37,141.82,55.94,80,77,21.36
1146,Rikitea,PF,2020-08-30 20:30:15,-23.12,-134.97,69.03,83,23,19.69
1147,Airai,TL,2020-08-30 20:36:53,-8.93,125.41,56.82,96,13,3.96
1148,Albany,US,2020-08-30 20:36:47,42.6,-73.97,73.0,41,0,11.81
1149,Kidal,ML,2020-08-30 20:36:53,18.44,1.41,85.96,55,10,4.23
1150,Pendra,IN,2020-08-30 20:36:54,22.77,81.95,71.26,89,0,2.53
1151,Vao,NC,2020-08-30 20:36:54,-22.67,167.48,67.12,64,39,14.05
1152,Mataura,NZ,2020-08-30 20:35:53,-46.19,168.86,52.75,54,61,9.71
1153,Upernavik,GL,2020-08-30 20:33:09,72.79,-56.15,41.29,84,88,11.25
1154,Mataura,NZ,2020-08-30 20:35:53,-46.19,168.86,52.75,54,61,9.71
1155,Kindia,GN,2020-08-30 20:36:55,10.06,-12.87,70.29,100,100,3.06
1156,Kapaa,US,2020-08-30 20:30:09,22.08,-159.32,82.99,69,40,16.11
1157,Paamiut,GL,2020-08-30 20:36:55,61.99,-49.67,46.92,70,62,16.37
1158,Machala,EC,2020-08-30 20:36:55,-3.27,-79.97,75.2,78,90,3.36
1159,Ahipara,NZ,2020-08-30 20:35:05,-35.17,173.17,57.34,75,1,5.44
1160,Rangpo,IN,2020-08-30 20:36:56,27.18,88.53,75.79,73,99,2.35
1161,Fereydun Kenar,IR,2020-08-30 20:36:56,36.69,52.52,75.2,83,0,1.3
1162,Dwarka,IN,2020-08-30 20:36:56,22.24,68.97,81.57,82,100,19.19
1163,Ushuaia,AR,2020-08-30 20:31:24,-54.8,-68.3,28.4,92,75,24.16
1164,Buraydah,SA,2020-08-30 20:36:57,26.33,43.98,91.4,18,0,6.93
1165,Bluff,NZ,2020-08-30 20:35:54,-46.6,168.33,52.9,62,71,22.35
1166,Hobart,AU,2020-08-30 20:33:00,-42.88,147.33,42.8,60,20,10.29
1167,Ponta Do Sol,PT,2020-08-30 20:36:57,32.67,-17.1,71.6,68,40,16.11
1168,Tiksi,RU,2020-08-30 20:36:25,71.69,128.87,41.47,89,10,8.28
1169,Albany,US,2020-08-30 20:36:47,42.6,-73.97,73.0,41,0,11.81
1170,Qaanaaq,GL,2020-08-30 20:36:40,77.48,-69.36,33.01,80,0,4.32
1171,Mataura,NZ,2020-08-30 20:35:53,-46.19,168.86,52.75,54,61,9.71
1172,Saint-Philippe,RE,2020-08-30 20:36:05,-21.36,55.77,71.6,77,37,5.82
1173,East London,ZA,2020-08-30 20:36:59,-33.02,27.91,54.84,62,4,13.22
1174,Oranjemund,NA,2020-08-30 20:36:59,-28.55,16.43,51.66,58,30,19.1
1175,Busselton,AU,2020-08-30 20:32:30,-33.65,115.33,39.99,75,0,3.74
1176,Hithadhoo,MV,2020-08-30 20:36:02,-0.6,73.08,82.2,74,44,10.07
1177,Saldanha,ZA,2020-08-30 20:37:00,-33.01,17.94,42.8,75,0,2.24
1178,Hithadhoo,MV,2020-08-30 20:36:02,-0.6,73.08,82.2,74,44,10.07
1179,Puerto Ayora,EC,2020-08-30 20:32:10,-0.74,-90.35,77.0,57,100,6.93
1180,Punta Arenas,CL,2020-08-30 20:32:09,-53.15,-70.92,35.6,47,75,20.8
1181,Clyde River,CA,2020-08-30 20:37:00,70.47,-68.59,48.2,87,40,13.87
1182,Thompson,CA,2020-08-30 20:35:00,55.74,-97.86,57.2,100,90,5.82
1183,Lanzhou,CN,2020-08-30 20:37:01,36.06,103.79,48.0,84,0,1.19
1184,Bengkulu,ID,2020-08-30 20:35:58,-3.8,102.27,75.87,84,100,3.56
1185,Ushuaia,AR,2020-08-30 20:31:24,-54.8,-68.3,28.4,92,75,24.16
1186,Chiredzi,ZW,2020-08-30 20:37:01,-21.05,31.67,70.11,67,51,9.51
1187,Rudbar,AF,2020-08-30 20:37:02,30.15,62.6,73.99,20,0,10.83
1188,Kaele,CM,2020-08-30 20:37:02,10.11,14.45,74.21,87,75,4.59
1189,Tasiilaq,GL,2020-08-30 20:35:54,65.61,-37.64,48.2,61,100,6.93
1190,Lorengau,PG,2020-08-30 20:34:42,-2.02,147.27,81.57,82,7,11.68
1191,Amberley,US,2020-08-30 20:37:03,39.2,-84.43,81.0,39,1,6.93
1192,Ponta Delgada,PT,2020-08-30 20:34:58,37.73,-25.67,77.0,83,40,5.82
1193,Tazovskiy,RU,2020-08-30 20:36:49,67.47,78.7,41.09,91,3,5.64
1194,Punta Arenas,CL,2020-08-30 20:32:09,-53.15,-70.92,35.6,47,75,20.8
1195,Ballina,AU,2020-08-30 20:37:03,-28.87,153.57,54.0,100,0,6.8
1196,Vestmannaeyjar,IS,2020-08-30 20:37:04,63.44,-20.27,51.89,92,100,33.06
1197,Khatanga,RU,2020-08-30 20:36:20,71.97,102.5,43.52,93,91,7.38
1198,Tuktoyaktuk,CA,2020-08-30 20:36:01,69.45,-133.04,41.0,93,90,17.22
1199,Busselton,AU,2020-08-30 20:32:30,-33.65,115.33,39.99,75,0,3.74
1200,Carnarvon,AU,2020-08-30 20:35:58,-24.87,113.63,53.6,100,0,4.7
1201,Progreso,MX,2020-08-30 20:37:04,21.28,-89.67,95.0,56,75,12.75
1202,Collie,AU,2020-08-30 20:37:05,-33.37,116.15,39.99,74,0,3.24
1203,Abilene,US,2020-08-30 20:36:48,32.45,-99.73,99.0,34,20,8.05
1204,Kadaya,RU,2020-08-30 20:37:05,50.93,119.29,51.01,99,100,4.85
1205,Yellowknife,CA,2020-08-30 20:35:01,62.46,-114.35,53.6,58,40,16.11
1206,Strelka,RU,2020-08-30 20:37:06,58.07,93.03,49.68,95,4,3.04
1207,Conceicao Do Araguaia,BR,2020-08-30 20:37:06,-8.26,-49.26,93.72,23,0,2.89
1208,Puerto Ayora,EC,2020-08-30 20:32:10,-0.74,-90.35,77.0,57,100,6.93
1209,Rikitea,PF,2020-08-30 20:30:15,-23.12,-134.97,69.03,83,23,19.69
1210,Namibe,AO,2020-08-30 20:37:06,-15.2,12.15,62.47,69,3,6.2
1211,Kapaa,US,2020-08-30 20:30:09,22.08,-159.32,82.99,69,40,16.11
1212,Emba,KZ,2020-08-30 20:37:07,48.83,58.14,75.16,27,0,8.55
1213,Cape Town,ZA,2020-08-30 20:34:45,-33.93,18.42,42.8,81,0,8.05
1214,Singaraja,ID,2020-08-30 20:37:07,-8.11,115.09,75.9,70,97,4.85
1215,Mersing,MY,2020-08-30 20:37:07,2.43,103.84,75.2,94,98,5.82
1216,Mataura,NZ,2020-08-30 20:35:53,-46.19,168.86,52.75,54,61,9.71
1217,Rikitea,PF,2020-08-30 20:30:15,-23.12,-134.97,69.03,83,23,19.69
1218,Richards Bay,ZA,2020-08-30 20:37:08,-28.78,32.04,56.84,78,100,10.56
1219,Puerto Ayora,EC,2020-08-30 20:32:10,-0.74,-90.35,77.0,57,100,6.93
1220,Arman,RU,2020-08-30 20:37:09,59.7,150.17,50.74,55,1,3.4
1221,Deputatskiy,RU,2020-08-30 20:37:09,69.3,139.9,34.54,93,63,3.51
1222,Cape Town,ZA,2020-08-30 20:34:45,-33.93,18.42,42.8,81,0,8.05
1223,Ormara,PK,2020-08-30 20:37:09,25.21,64.64,81.59,86,93,16.78
1224,San Carlos,VE,2020-08-30 20:37:09,9.66,-68.58,80.49,89,88,2.77
1225,Mandalgovi,MN,2020-08-30 20:36:46,45.76,106.27,50.54,80,72,10.25
1226,Nikolskoye,RU,2020-08-30 20:37:10,59.7,30.79,60.01,87,95,4.47
1227,Mar Del Plata,AR,2020-08-30 20:34:21,-38.0,-57.56,57.2,30,0,16.11
1228,Mokrousovo,RU,2020-08-30 20:37:10,55.81,66.77,66.79,72,96,8.57
1229,Busselton,AU,2020-08-30 20:32:30,-33.65,115.33,39.99,75,0,3.74
1230,Kapaa,US,2020-08-30 20:30:09,22.08,-159.32,82.99,69,40,16.11
1231,Cidreira,BR,2020-08-30 20:36:06,-30.18,-50.21,56.1,91,100,11.05
1232,Shizuishan,CN,2020-08-30 20:37:11,39.23,106.77,58.93,73,0,5.06
1233,Doctor Cecilio Baez,PY,2020-08-30 20:37:12,-25.05,-56.32,75.72,70,56,8.21
1234,Magadan,RU,2020-08-30 20:37:12,59.57,150.8,51.48,56,0,1.92
1235,Norman Wells,CA,2020-08-30 20:36:45,65.28,-126.83,59.0,54,75,12.75
1236,New Norfolk,AU,2020-08-30 20:36:49,-42.78,147.06,42.01,71,2,1.99
1237,Carnarvon,AU,2020-08-30 20:35:58,-24.87,113.63,53.6,100,0,4.7
1238,Rikitea,PF,2020-08-30 20:30:15,-23.12,-134.97,69.03,83,23,19.69
1239,Sovik,NO,2020-08-30 20:37:13,65.93,12.47,46.0,75,1,4.7
1240,Jamestown,US,2020-08-30 20:36:01,42.1,-79.24,70.0,59,90,6.93
1241,Bon Accord,CA,2020-08-30 20:37:13,53.83,-113.42,59.0,41,1,19.46
1242,Choix,MX,2020-08-30 20:37:13,26.71,-108.32,90.59,60,35,4.85
1243,Bereda,ES,2020-08-30 20:37:14,43.27,-7.54,55.99,89,3,3.0
1244,Chavakkad,IN,2020-08-30 20:37:14,10.53,76.05,78.8,94,40,6.46
1245,Vardo,NO,2020-08-30 20:37:14,70.37,31.11,48.2,87,75,14.99
1246,New Norfolk,AU,2020-08-30 20:36:49,-42.78,147.06,42.01,71,2,1.99
1247,Ushuaia,AR,2020-08-30 20:31:24,-54.8,-68.3,28.4,92,75,24.16
1248,Upernavik,GL,2020-08-30 20:33:09,72.79,-56.15,41.29,84,88,11.25
1249,Saint-Cyr-Sur-Loire,FR,2020-08-30 20:37:16,47.4,0.67,60.01,93,75,9.17
1250,Yulara,AU,2020-08-30 20:36:33,-25.24,130.99,53.6,54,0,6.93
1251,Leningradskiy,RU,2020-08-30 20:36:30,69.38,178.42,35.74,92,100,5.84
1252,Busselton,AU,2020-08-30 20:32:30,-33.65,115.33,39.99,75,0,3.74
1253,Paka,MY,2020-08-30 20:37:17,4.64,103.44,78.8,88,90,2.24
1254,New Norfolk,AU,2020-08-30 20:36:49,-42.78,147.06,42.01,71,2,1.99
1255,Tuktoyaktuk,CA,2020-08-30 20:36:01,69.45,-133.04,41.0,93,90,17.22
1256,Longyearbyen,SJ,2020-08-30 20:37:18,78.22,15.64,39.2,80,75,13.87
1257,Avarua,CK,2020-08-30 20:36:38,-21.21,-159.78,77.0,73,20,18.34
1258,Touros,BR,2020-08-30 20:37:18,-5.2,-35.46,80.6,61,0,9.17
1259,Dikson,RU,2020-08-30 20:36:18,73.51,80.55,41.9,96,100,15.61
1260,Douala,CM,2020-08-30 20:34:08,4.05,9.7,77.0,100,75,2.24
1261,Khatanga,RU,2020-08-30 20:36:20,71.97,102.5,43.52,93,91,7.38
1262,Mardin,TR,2020-08-30 20:37:19,37.31,40.74,79.34,17,0,3.56
1263,Coquimbo,CL,2020-08-30 20:37:19,-29.95,-71.34,59.0,67,0,13.87
1264,Vaini,TO,2020-08-30 20:32:08,-21.2,-175.2,77.0,83,75,12.75
1265,Albany,US,2020-08-30 20:36:47,42.6,-73.97,73.0,41,0,11.81
1266,Port Lincoln,AU,2020-08-30 20:36:06,-34.73,135.87,51.51,63,98,5.46
1267,Cockburn Town,TC,2020-08-30 20:35:49,21.46,-71.14,87.8,58,40,11.41
1268,Ushuaia,AR,2020-08-30 20:31:24,-54.8,-68.3,28.4,92,75,24.16
1269,Narsaq,GL,2020-08-30 20:36:39,60.92,-46.05,57.2,50,75,2.24
1270,Muravlenko,RU,2020-08-30 20:35:08,63.79,74.52,51.6,73,98,14.56
1271,Filadelfia,US,2020-08-30 20:36:11,39.95,-75.16,81.0,39,75,12.75
1272,Port Alfred,ZA,2020-08-30 20:35:58,-33.59,26.89,50.68,74,13,11.25
1273,Laguna,US,2020-08-30 20:35:20,38.42,-121.42,90.0,35,1,6.93
1274,Tuktoyaktuk,CA,2020-08-30 20:36:01,69.45,-133.04,41.0,93,90,17.22
1275,Lardos,GR,2020-08-30 20:37:22,36.09,28.02,86.0,62,0,11.41
1276,Redondela,ES,2020-08-30 20:37:22,42.28,-8.61,69.01,67,2,11.41
1277,Dungarpur,IN,2020-08-30 20:37:22,23.83,73.72,72.36,97,91,10.65
1278,Hithadhoo,MV,2020-08-30 20:36:02,-0.6,73.08,82.2,74,44,10.07
1279,Hobart,AU,2020-08-30 20:33:00,-42.88,147.33,42.8,60,20,10.29
1280,Ushuaia,AR,2020-08-30 20:31:24,-54.8,-68.3,28.4,92,75,24.16
1281,Punta Arenas,CL,2020-08-30 20:32:09,-53.15,-70.92,35.6,47,75,20.8
1282,Boa Vista,BR,2020-08-30 20:34:11,2.82,-60.67,80.6,74,75,6.93
1283,East London,ZA,2020-08-30 20:36:59,-33.02,27.91,54.84,62,4,13.22
1284,Fort Nelson,CA,2020-08-30 20:37:23,58.81,-122.7,59.0,58,40,5.82
1285,Vila Franca Do Campo,PT,2020-08-30 20:37:24,37.72,-25.43,77.0,83,40,5.82
1286,Torbay,CA,2020-08-30 20:35:59,47.67,-52.73,69.01,94,90,11.41
1287,Punta Arenas,CL,2020-08-30 20:32:09,-53.15,-70.92,35.6,47,75,20.8
1288,Aberdeen,GB,2020-08-30 20:35:24,57.14,-2.1,46.99,93,75,2.24
1289,Cape Town,ZA,2020-08-30 20:34:45,-33.93,18.42,42.8,81,0,8.05
1290,Slavutych,UA,2020-08-30 20:37:25,51.52,30.73,69.3,61,0,8.97
1291,Kysyl-Syr,RU,2020-08-30 20:37:25,63.9,122.76,46.83,94,14,3.31
1292,Kawalu,ID,2020-08-30 20:36:23,-7.38,108.21,69.48,91,92,1.52
1293,Eyl,SO,2020-08-30 20:37:25,7.98,49.82,78.64,71,99,22.44
1294,Pincehely,HU,2020-08-30 20:37:26,46.68,18.44,73.99,61,85,5.99
1295,Laurel,US,2020-08-30 20:32:28,39.1,-76.85,82.0,39,1,8.05
1296,Punta Arenas,CL,2020-08-30 20:32:09,-53.15,-70.92,35.6,47,75,20.8
1297,La Ronge,CA,2020-08-30 20:36:11,55.1,-105.28,50.0,87,90,6.93
1298,Qaanaaq,GL,2020-08-30 20:36:40,77.48,-69.36,33.01,80,0,4.32
1299,Hithadhoo,MV,2020-08-30 20:36:02,-0.6,73.08,82.2,74,44,10.07
1300,Ushuaia,AR,2020-08-30 20:31:24,-54.8,-68.3,28.4,92,75,24.16
1301,Carutapera,BR,2020-08-30 20:36:12,-1.2,-46.02,80.2,72,70,10.51
1302,Saskylakh,RU,2020-08-30 20:37:27,71.92,114.08,46.29,84,70,5.17
1303,Lasa,IT,2020-08-30 20:35:10,46.62,10.7,53.01,81,40,6.93
1304,Butaritari,KI,2020-08-30 20:30:25,3.07,172.79,82.85,73,23,11.41
1305,Kjopsvik,NO,2020-08-30 20:37:28,68.1,16.37,45.0,87,75,8.05
1306,Buchanan,LR,2020-08-30 20:37:28,5.88,-10.05,77.0,94,75,10.94
1307,Bethel,US,2020-08-30 20:33:08,41.37,-73.41,77.0,44,1,11.41
1308,Pangody,RU,2020-08-30 20:36:22,65.85,74.49,41.65,88,21,8.66
1309,Avarua,CK,2020-08-30 20:36:38,-21.21,-159.78,77.0,73,20,18.34
1310,Tuktoyaktuk,CA,2020-08-30 20:36:01,69.45,-133.04,41.0,93,90,17.22
1311,Geraldton,AU,2020-08-30 20:37:29,-28.77,114.6,44.6,93,0,10.29
1312,Colares,PT,2020-08-30 20:35:57,38.8,-9.45,66.0,59,5,20.8
1313,Sao Filipe,CV,2020-08-30 20:36:10,14.9,-24.5,78.26,83,62,11.74
1314,Los Llanos De Aridane,ES,2020-08-30 20:37:29,28.66,-17.92,73.4,64,40,17.22
1315,Verkhoyansk,RU,2020-08-30 20:37:30,67.54,133.38,47.3,55,70,3.24
1316,Ushuaia,AR,2020-08-30 20:31:24,-54.8,-68.3,28.4,92,75,24.16
1317,Albany,US,2020-08-30 20:36:47,42.6,-73.97,73.0,41,0,11.81
1318,Hithadhoo,MV,2020-08-30 20:36:02,-0.6,73.08,82.2,74,44,10.07
1319,Atuona,PF,2020-08-30 20:36:04,-9.8,-139.03,78.1,80,42,21.34
1320,Busselton,AU,2020-08-30 20:32:30,-33.65,115.33,39.99,75,0,3.74
1321,Arlit,NE,2020-08-30 20:37:31,18.74,7.39,87.69,44,100,9.01
1322,Adrar,MR,2020-08-30 20:36:30,20.5,-10.07,94.21,11,100,12.15
1323,Westport,US,2020-08-30 20:37:31,41.14,-73.36,80.6,34,1,13.87
1324,Namibe,AO,2020-08-30 20:37:06,-15.2,12.15,62.47,69,3,6.2
1325,Gornopravdinsk,RU,2020-08-30 20:37:32,60.05,69.9,61.29,95,94,4.41
1326,Redlands,US,2020-08-30 20:37:32,34.06,-117.18,93.0,22,5,6.93
1327,Raton,US,2020-08-30 20:37:32,36.9,-104.44,84.2,17,40,8.05
1328,Arraial Do Cabo,BR,2020-08-30 20:34:15,-22.97,-42.03,80.6,73,0,16.11
1329,Atuona,PF,2020-08-30 20:36:04,-9.8,-139.03,78.1,80,42,21.34
1330,Georgetown,MY,2020-08-30 20:36:04,5.41,100.34,80.6,94,40,2.24
1331,Rikitea,PF,2020-08-30 20:30:15,-23.12,-134.97,69.03,83,23,19.69
1332,Busselton,AU,2020-08-30 20:32:30,-33.65,115.33,39.99,75,0,3.74
1333,Korla,CN,2020-08-30 20:37:33,41.76,86.15,75.99,60,47,1.99
1334,Dikson,RU,2020-08-30 20:36:18,73.51,80.55,41.9,96,100,15.61
1335,Melfort,CA,2020-08-30 20:37:34,52.87,-104.62,60.8,51,75,14.99
1336,Qaanaaq,GL,2020-08-30 20:36:40,77.48,-69.36,33.01,80,0,4.32
1337,San Isidro,PE,2020-08-30 20:37:34,-12.12,-77.05,62.6,77,90,8.05
1338,Nisia Floresta,BR,2020-08-30 20:37:35,-6.09,-35.21,80.6,65,20,14.99
1339,Tuktoyaktuk,CA,2020-08-30 20:36:01,69.45,-133.04,41.0,93,90,17.22
1340,Mar Del Plata,AR,2020-08-30 20:34:21,-38.0,-57.56,57.2,30,0,16.11
1341,Topchikha,RU,2020-08-30 20:37:35,52.82,83.12,59.0,82,0,6.71
1342,East London,ZA,2020-08-30 20:36:59,-33.02,27.91,54.84,62,4,13.22
1343,Berlevag,NO,2020-08-30 20:37:36,70.86,29.09,48.2,76,75,9.17
1344,Tautira,PF,2020-08-30 20:37:36,-17.73,-149.15,82.4,61,20,6.93
1345,Hithadhoo,MV,2020-08-30 20:36:02,-0.6,73.08,82.2,74,44,10.07
1346,Auchel,FR,2020-08-30 20:37:36,50.5,2.47,59.0,96,75,3.0
1347,Puerto Ayora,EC,2020-08-30 20:32:10,-0.74,-90.35,77.0,57,100,6.93
1348,Qaanaaq,GL,2020-08-30 20:36:40,77.48,-69.36,33.01,80,0,4.32
1349,Yellowknife,CA,2020-08-30 20:35:01,62.46,-114.35,53.6,58,40,16.11
1350,Pochutla,MX,2020-08-30 20:37:37,15.74,-96.47,88.0,62,40,5.99
1351,Albany,US,2020-08-30 20:36:47,42.6,-73.97,73.0,41,0,11.81
1352,Kavaratti,IN,2020-08-30 20:36:27,10.57,72.64,82.04,77,82,10.42
1353,Longyearbyen,SJ,2020-08-30 20:37:18,78.22,15.64,39.2,80,75,13.87
1354,Coahuayana,MX,2020-08-30 20:37:38,18.73,-103.68,75.2,83,90,4.7
1355,Hilo,US,2020-08-30 20:36:23,19.73,-155.09,84.2,62,75,4.7
1356,Hobart,AU,2020-08-30 20:33:00,-42.88,147.33,42.8,60,20,10.29
1357,Rikitea,PF,2020-08-30 20:30:15,-23.12,-134.97,69.03,83,23,19.69
1358,Beloha,MG,2020-08-30 20:37:39,-25.17,45.05,75.97,52,79,3.31
1359,Ushuaia,AR,2020-08-30 20:31:24,-54.8,-68.3,28.4,92,75,24.16
1360,Broome,US,2020-08-30 20:37:39,42.25,-75.83,72.0,46,20,9.17
1361,Taksimo,RU,2020-08-30 20:33:04,56.34,114.88,52.29,82,87,1.36
1362,Ushuaia,AR,2020-08-30 20:31:24,-54.8,-68.3,28.4,92,75,24.16
1363,Oktyabrskiy,RU,2020-08-30 20:37:40,54.48,53.47,56.97,90,100,2.51
1364,Cape Town,ZA,2020-08-30 20:34:45,-33.93,18.42,42.8,81,0,8.05
1365,Albany,US,2020-08-30 20:36:47,42.6,-73.97,73.0,41,0,11.81
1366,Coquimbo,CL,2020-08-30 20:37:19,-29.95,-71.34,59.0,67,0,13.87
1367,Hofn,IS,2020-08-30 20:37:40,64.25,-15.21,51.84,88,95,19.04
1368,Bredasdorp,ZA,2020-08-30 20:36:29,-34.53,20.04,42.8,81,21,4.7
1369,Ushuaia,AR,2020-08-30 20:31:24,-54.8,-68.3,28.4,92,75,24.16
1370,Longyearbyen,SJ,2020-08-30 20:37:18,78.22,15.64,39.2,80,75,13.87
